;Données Flux données API;;;;;;Données SFD;;;;;
Path;Macro-attribut;Sous-MA;Collection;Codification;Attribut;;Macro-attribut;Sous MA;Collection;Attribut;Nom macro-attribut Codification;Nom table Codif
/;;;;;identifiantUniqueDonneeGeneraleIdentification;;donnee_generale_identification;;;identifiant_unique_donnee_generale_identification;;
/;;;;;indicateurGtinGenere;;donnee_generale_identification;;;indicateur_gtin_genere;;
/;;;;;champAddOn;;donnee_generale_identification;;;champ_add_on;;
/;;;;;motifAddOn;;donnee_generale_identification;;;motif_add_on;;
/;;;;;dateCreationAddOn;;donnee_generale_identification;;;date_creation_add_on;;
/;;;;;gtin;;donnee_generale_identification;;;gtin;;
/;;;;;codeSap;;donnee_generale_identification;;;code_sap;;
/;;;;;identifiantUniqueFournisseurInformation;;donnee_generale_identification;;;identifiant_unique_fournisseur_information;;
/;;;;X;dGITypologieProduitUc;;donnee_generale_identification;;;typologie_produit_uc (DGI_typologie_produit_uc);typologie_de_produit;structure_generique
/;;;;;libelleStandard;;donnee_generale_identification;;;libelle_standard;;
/;;;;;indicateurProduitMesureVariable;;donnee_generale_identification;;;indicateur_produit_mesure_variable;;
/;;;;;codePoidsVariable;;donnee_generale_identification;;;code_poids_variable;;
/;;;;;observation;;donnee_generale_identification;;;observation;;
/;;;;;observationInterneSca;;donnee_generale_identification;;;observation_interne_sca;;
/;;;;;produitADecouper;;donnee_generale_identification;;;produit_a_decouper;;
/;;;;;produitDematerialise;;donnee_generale_identification;;;produit_dematerialise;;
/;;;;;indicateurConsigne;;donnee_generale_identification;;;indicateur_consigne;;
/;;;;;flagProduitAvecGratuite;;donnee_generale_identification;;;flag_produit_avec_gratuite;;
/;;;;;nombreProduitDifferentDansLot;;donnee_generale_identification;;;nombre_produit_different_dans_lot;;
/;;;;X;dGIEntite;;donnee_generale_identification;;;proprietaire (DGI_entite);;
/;;;;;dateCreation;;donnee_generale_identification;;;date_creation;;
/;;;;;dateMaj;;donnee_generale_identification;;;date_maj;;
/;;;validiteProduit;;identifiantUniqueValiditeProduit;;donnee_generale_identification;;validite_produit;identifiant_unique_validite_produit;;
/;;;validiteProduit;;identifiantUniqueFournisseurInformation;;donnee_generale_identification;;validite_produit;identifiant_unique_fournisseur_information;;
/;;;validiteProduit;X;dGITypeDePeriodeProduit;;donnee_generale_identification;;validite_produit;identifiant_unique_type_periode (DGI_type_de_periode_produit);;
/;;;validiteProduit;X;dGIPeriodeProduit;;donnee_generale_identification;;validite_produit;identifiant_unique_periode (DGI_periode_produit);;
/;;;validiteProduit;;dateDebutValiditePeriode;;donnee_generale_identification;;validite_produit;date_debut_validite_periode;;
/;;;validiteProduit;;dateFinValiditePeriode;;donnee_generale_identification;;validite_produit;date_fin_validite_periode;;
/;;;travailleAvec;;identifiantUniqueTravailleAvec;;donnee_generale_identification;;travaille_avec;identifiant_unique_travaille_avec;;
/;;;travailleAvec;X;dGIEntiteSelection;;donnee_generale_identification;;travaille_avec;entite_selection (DGI_entite_selection);;
/;;;travailleAvec;;flagTravailleAvec;;donnee_generale_identification;;travaille_avec;flag_travaille_avec;;
/;;;travailleAvec;;dateDebut;;donnee_generale_identification;;travaille_avec;date_debut;;
/;;;travailleAvec;;dateFin;;donnee_generale_identification;;travaille_avec;date_fin;;
/;;donneesGeneralesLot;;;;;;;;;;
/;;donneeGeneraleMarqueFournisseur;;;;;;;;;;
/;;nomenclature;;;;;;;;;;
/;;infoVenteLibelle;;;;;;;;;;
/;;infoVenteDimension;;;;;;;;;;
/;;infoVenteAsset;;;;;;;;;;
/;;infoAchatGeneralite;;;;;;;;;;
/;;logistiqueIdentification;;;;;;;;;;
/;;logistiqueSpecificiteMarche;;;;;;;;;;
/;;droitsEtTaxes;;;;;;;;;;
/;;qualiteEtReglementation;;;;;;;;;;
/;;securite;;;;;;;;;;
/;;chainage;;;;;;;;;;
/;;article;;;;;;;;;;
/donneesGeneralesLot;donneesGeneralesLot;;;;identifiantUniqueDonneeGeneraleLot;;donnee_generale_lot;;;identifiant_unique_donnee_generale_lot;;
/donneesGeneralesLot;donneesGeneralesLot;;;;quantiteComposantLot;;donnee_generale_lot;;;quantite_composant_lot;;
/donneesGeneralesLot;donneesGeneralesLot;;;X;dGLUniteDeMesure;;donnee_generale_lot;;;um_quantite_composant_lot (DGL_unite_de_mesure);;
/donneesGeneralesLot;donneesGeneralesLot;;;;identifiantUniqueComposeUc;;donnee_generale_lot;;;identifiant_unique_compose_uc;;
/donneesGeneralesLot;donneesGeneralesLot;;;;identifiantUniqueComposantUc;;donnee_generale_lot;;;identifiant_unique_composant_uc;;
/donneesGeneralesLot;donneesGeneralesLot;;;X;dGLEntite;;donnee_generale_lot;;;proprietaire (DGL_entite);;
/donneesGeneralesLot;donneesGeneralesLot;;;;dateCreation;;donnee_generale_lot;;;date_creation;;
/donneesGeneralesLot;donneesGeneralesLot;;;;dateMaj;;donnee_generale_lot;;;date_maj;;
/donneeGeneraleMarqueFournisseur;donneeGeneraleMarqueFournisseur;;;;identifiantUniqueDonneeGeneraleMarqueFournisseur;;donnee_generale_marque_fournisseur;;;identifiant_unique_donnee_generale_marque_fournisseur;;
/donneeGeneraleMarqueFournisseur;donneeGeneraleMarqueFournisseur;;;X;dGFMarque;;donnee_generale_marque_fournisseur;;;marque (DGF_marque);;
/donneeGeneraleMarqueFournisseur;donneeGeneraleMarqueFournisseur;;;;marqueFournisseur;;donnee_generale_marque_fournisseur;;;marque_fournisseur;;
/donneeGeneraleMarqueFournisseur;donneeGeneraleMarqueFournisseur;;;X;dGFTypeMarque;;donnee_generale_marque_fournisseur;;;type_marque (DGF_type_marque);;
/donneeGeneraleMarqueFournisseur;donneeGeneraleMarqueFournisseur;;;X;dGFSousMarque;;donnee_generale_marque_fournisseur;;;sous_marque (DGF_sous_marque);;
/donneeGeneraleMarqueFournisseur;donneeGeneraleMarqueFournisseur;;;;sousMarqueFournisseur;;donnee_generale_marque_fournisseur;;;sous_marque_fournisseur;;
/donneeGeneraleMarqueFournisseur;donneeGeneraleMarqueFournisseur;;;X;dGFEntite;;donnee_generale_marque_fournisseur;;;proprietaire (DGF_entite);;
/donneeGeneraleMarqueFournisseur;donneeGeneraleMarqueFournisseur;;;;dateCreation;;donnee_generale_marque_fournisseur;;;date_creation;;
/donneeGeneraleMarqueFournisseur;donneeGeneraleMarqueFournisseur;;;;dateMaj;;donnee_generale_marque_fournisseur;;;date_maj;;
/nomenclature;nomenclature;;;;identifiantUniqueNomenclature;;nomenclature;;;identifiant_unique_nomenclature;;
/nomenclature;nomenclature;;;X;lNNomenclatureCodelec;;nomenclature;;;idnetifiant_unique_codelec (LN_nomenclature_codelec);;
/nomenclature;nomenclature;;;X;lNNomenclatureCodelecPropose;;nomenclature;;;codelec_propose (LN_nomenclature_codelec);;
/nomenclature;nomenclature;;;X;lNStatutValidationCodelec;;nomenclature;;;statut_codelec_propose (LN_statut_validation_codelec);;
/nomenclature;nomenclature;;;X;lNStructureOrganisationnelle;;nomenclature;;;code_service (LN_structure_organisationnelle);;
/nomenclature;nomenclature;;;X;lNNomenclatureDouaniereTaric;;nomenclature;;;identifiant_unique_nomenclature_douaniere (LN_nomenclature_douaniere_taric);;
/nomenclature;nomenclature;;;X;lNNomenclatureNgp;;nomenclature;;;Nomenclature douanière NGP (LN_nomenclature_ngp);;
/nomenclature;nomenclature;;;;nomenclatureSca;;nomenclature;;;nomenclature_sca;;
/nomenclature;nomenclature;;;X;lNNomenclaturePkwiu;;nomenclature;;;identifiant_unique_nomenclature_pkwiu (LN_nomenclature_pkwiu);;
/nomenclature;nomenclature;;;X;lNRubriqueComptabiliteMatiere;;nomenclature;;;nomenclature_comptabilite_matiere (LN_rubrique_comptabilite_matiere);;
/nomenclature;nomenclature;;;X;lNNomenclatureIri;;nomenclature;;;identifiant_unique_nomenclature_iri (LN_nomenclature_iri);;
/nomenclature;nomenclature;;;X;lNClassificationFedas;;nomenclature;;;identifiant_unique_classification_fedas (LN_classification_fedas);;
/nomenclature;nomenclature;;;X;lNNomenclatureGfk;;nomenclature;;;nomenclature_gfk (LN_nomenclature_gfk);;
/nomenclature;nomenclature;;;X;lNEntite;;nomenclature;;;proprietaire (LN_entite);;
/nomenclature;nomenclature;;;;dateCreation;;nomenclature;;;date_creation;;
/nomenclature;nomenclature;;;;dateMaj;;nomenclature;;;date_maj;;
/infoVenteLibelle;infoVenteLibelle;;;;identifiantUniqueInfoVenteLibelle;;info_vente_libelle;;;identifiant_unique_info_vente_libelle;;
/infoVenteLibelle;infoVenteLibelle;;;;libelleLong;;info_vente_libelle;;;libelle_long;;
/infoVenteLibelle;infoVenteLibelle;;;;libelleInternet;;info_vente_libelle;;;libelle_internet;;
/infoVenteLibelle;infoVenteLibelle;;;;libelleEtiquetteGondole;;info_vente_libelle;;;libelle_etiquette_gondole;;
/infoVenteLibelle;infoVenteLibelle;;;;complementLibelleEtiquetteGondole;;info_vente_libelle;;;complement_libelle_etiquette_gondole;;
/infoVenteLibelle;infoVenteLibelle;;;;libelleCaisse;;info_vente_libelle;;;libelle_caisse;;
/infoVenteLibelle;infoVenteLibelle;;;X;iVLTypeUniteDeMesureMarquageLineaire;;info_vente_libelle;;;type_mesure_marquage_lineaire (IVL_type_unite_de_mesure_marquage_lineaire);;
/infoVenteLibelle;infoVenteLibelle;;;;valeurMarquageLineaire;;info_vente_libelle;;;valeur_marquage_lineaire;;
/infoVenteLibelle;infoVenteLibelle;;;X;iVLUniteDeMesureMarquageLineaire;;info_vente_libelle;;;unite_marquage_lineaire (IVL_unite_de_mesure_marquage_lineaire);;
/infoVenteLibelle;infoVenteLibelle;;;;compositionProduit;;info_vente_libelle;;;composition_produit;;
/infoVenteLibelle;infoVenteLibelle;;;;texteMarketing;;info_vente_libelle;;;texte_marketing;;
/infoVenteLibelle;infoVenteLibelle;;;;instructionPreparation;;info_vente_libelle;;;instruction_preparation;;
/infoVenteLibelle;infoVenteLibelle;;;;instructionConservation;;info_vente_libelle;;;instruction_conservation;;
/infoVenteLibelle;infoVenteLibelle;;;;noteNutrimark;;info_vente_libelle;;;note_nutrimark;;
/infoVenteLibelle;infoVenteLibelle;;;;modeEmploi;;info_vente_libelle;;;mode_emploi;;
/infoVenteLibelle;infoVenteLibelle;;;;contientTextileLavable;;info_vente_libelle;;;contient_textile_lavable;;
/infoVenteLibelle;infoVenteLibelle;;;;venduAvecPile;;info_vente_libelle;;;vendu_avec_pile;;
/infoVenteLibelle;infoVenteLibelle;;;;precautionEmploi;;info_vente_libelle;;;precaution_emploi;;
/infoVenteLibelle;infoVenteLibelle;;;X;iVLEntite;;info_vente_libelle;;;proprietaire (IVL_entite);;
/infoVenteLibelle;infoVenteLibelle;;;;dateCreation;;info_vente_libelle;;;date_creation;;
/infoVenteLibelle;infoVenteLibelle;;;;dateMaj;;info_vente_libelle;;;date_maj;;
/infoVenteLibelle;infoVenteLibelle;;contenuNet;;identifiantUniqueContenuNet;;info_vente_libelle;;contenu_net;identifiant_unique_contenu_net;;
/infoVenteLibelle;infoVenteLibelle;;contenuNet;;contenuNetProduit;;info_vente_libelle;;contenu_net;contenu_net_produit;;
/infoVenteLibelle;infoVenteLibelle;;contenuNet;X;iVLUniteDeMesureContenuNet;;info_vente_libelle;;contenu_net;unite_contenu_net_produit (IVL_unite_de_mesure_contenu_net);;
/infoVenteLibelle;infoVenteLibelle;;consigneTri;;identifiantUniqueConsigneTri;;info_vente_libelle;;consigne_tri;identifiant_unique_consigne_tri;;
/infoVenteLibelle;infoVenteLibelle;;consigneTri;;consigneTri;;info_vente_libelle;;consigne_tri;consigne_tri;;
/infoVenteLibelle;infoVenteLibelle;;recompense;;identifiantUniqueRecompense;;info_vente_libelle;;recompense;identifiant_unique_recompense;;
/infoVenteLibelle;infoVenteLibelle;;recompense;X;iVLRecompenseProduit;;info_vente_libelle;;recompense;identifiant_unique_recompense_produit (IVL_recompense_produit);;
/infoVenteLibelle;infoVenteLibelle;;regimeSpecifique;;identifiantUniqueRegimeSpecifique;;info_vente_libelle;;regime_specifique;identifiant_unique_regime_specifique;;
/infoVenteLibelle;infoVenteLibelle;;regimeSpecifique;X;iVLRegime;;info_vente_libelle;;regime_specifique;identifiant_unique_regime (IVL_regime);;
/infoVenteLibelle;infoVenteLibelle;;infoAchatSpecificiteMarche;;;;info_vente_libelle;;;;;
/infoVenteLibelle;infoVenteLibelle;;infoVenteInformationMagasin;;;;info_vente_libelle;;;;;
/infoVenteLibelle/infoVenteSpecificiteMarche;infoVenteSpecificiteMarche;;;;identifiantUniqueInfoVenteSpecificiteMarche;;info_vente_specificite_marche;;;identifiant_unique_info_vente_specificite_marche;;
/infoVenteLibelle/infoVenteSpecificiteMarche;infoVenteSpecificiteMarche;;;X;iVSMTypeDePresentation;;info_vente_specificite_marche;;;type_presentation (IVSM_type_de_presentation);;
/infoVenteLibelle/infoVenteSpecificiteMarche;infoVenteSpecificiteMarche;;;X;iVSMPaysAbattage;;info_vente_specificite_marche;;;identifiant_unique_pays_abattage (IVSM_pays_abattage);;
/infoVenteLibelle/infoVenteSpecificiteMarche;infoVenteSpecificiteMarche;;;X;iVSMPaysDecoupage;;info_vente_specificite_marche;;;identifiant_unique_pays_decoupage (IVSM_pays_decoupage);;
/infoVenteLibelle/infoVenteSpecificiteMarche;infoVenteSpecificiteMarche;;;;espece;;info_vente_specificite_marche;;;espece;;
/infoVenteLibelle/infoVenteSpecificiteMarche;infoVenteSpecificiteMarche;;;;nomScientifiqueEspece;;info_vente_specificite_marche;;;nom_scientifique_espece;;
/infoVenteLibelle/infoVenteSpecificiteMarche;infoVenteSpecificiteMarche;;;;techniquePeche;;info_vente_specificite_marche;;;technique_peche;;
/infoVenteLibelle/infoVenteSpecificiteMarche;infoVenteSpecificiteMarche;;;;isbn;;info_vente_specificite_marche;;;isbn;;
/infoVenteLibelle/infoVenteSpecificiteMarche;infoVenteSpecificiteMarche;;;;auteur;;info_vente_specificite_marche;;;auteur;;
/infoVenteLibelle/infoVenteSpecificiteMarche;infoVenteSpecificiteMarche;;;;compositeur;;info_vente_specificite_marche;;;compositeur;;
/infoVenteLibelle/infoVenteSpecificiteMarche;infoVenteSpecificiteMarche;;;;titre;;info_vente_specificite_marche;;;titre;;
/infoVenteLibelle/infoVenteSpecificiteMarche;infoVenteSpecificiteMarche;;;;collection;;info_vente_specificite_marche;;;collection;;
/infoVenteLibelle/infoVenteSpecificiteMarche;infoVenteSpecificiteMarche;;;;tome;;info_vente_specificite_marche;;;tome;;
/infoVenteLibelle/infoVenteSpecificiteMarche;infoVenteSpecificiteMarche;;;;dureeSupportMultimedia;;info_vente_specificite_marche;;;duree_support_multimedia;;
/infoVenteLibelle/infoVenteSpecificiteMarche;infoVenteSpecificiteMarche;;;X;iVSMSupportMultimedia;;info_vente_specificite_marche;;;identifiant_unique_support_multimedia (IVSM_support_multimedia);;
/infoVenteLibelle/infoVenteSpecificiteMarche;infoVenteSpecificiteMarche;;;;editeur;;info_vente_specificite_marche;;;editeur;;
/infoVenteLibelle/infoVenteSpecificiteMarche;infoVenteSpecificiteMarche;;;;prixVenteConseille;;info_vente_specificite_marche;;;prix_vente_conseille;;
/infoVenteLibelle/infoVenteSpecificiteMarche;infoVenteSpecificiteMarche;;;;sousTitre;;info_vente_specificite_marche;;;sous_titre;;
/infoVenteLibelle/infoVenteSpecificiteMarche;infoVenteSpecificiteMarche;;;;nomSerie;;info_vente_specificite_marche;;;nom_serie;;
/infoVenteLibelle/infoVenteSpecificiteMarche;infoVenteSpecificiteMarche;;;X;iVSMLangueOrigine;;info_vente_specificite_marche;;;identifiant_unique_langue_origine (IVSM_langue_origine);;
/infoVenteLibelle/infoVenteSpecificiteMarche;infoVenteSpecificiteMarche;;;;nombrePage;;info_vente_specificite_marche;;;nombre_page;;
/infoVenteLibelle/infoVenteSpecificiteMarche;infoVenteSpecificiteMarche;;;X;iVSMFormatCd;;info_vente_specificite_marche;;;identifiant_unique_format (IVSM_format_cd);;
/infoVenteLibelle/infoVenteSpecificiteMarche;infoVenteSpecificiteMarche;;;;nombreDisque;;info_vente_specificite_marche;;;nombre_disque;;
/infoVenteLibelle/infoVenteSpecificiteMarche;infoVenteSpecificiteMarche;;;;categorie;;info_vente_specificite_marche;;;categorie;;
/infoVenteLibelle/infoVenteSpecificiteMarche;infoVenteSpecificiteMarche;;;;resume;;info_vente_specificite_marche;;;resume;;
/infoVenteLibelle/infoVenteSpecificiteMarche;infoVenteSpecificiteMarche;;;;anneeSortieSalle;;info_vente_specificite_marche;;;annee_sortie_salle;;
/infoVenteLibelle/infoVenteSpecificiteMarche;infoVenteSpecificiteMarche;;;;zonageVideo;;info_vente_specificite_marche;;;zonage_video;;
/infoVenteLibelle/infoVenteSpecificiteMarche;infoVenteSpecificiteMarche;;;;configurationRequise;;info_vente_specificite_marche;;;configuration_requise;;
/infoVenteLibelle/infoVenteSpecificiteMarche;infoVenteSpecificiteMarche;;;;indicateurMultijoueur;;info_vente_specificite_marche;;;indicateur_multijoueur;;
/infoVenteLibelle/infoVenteSpecificiteMarche;infoVenteSpecificiteMarche;;;;nombreUtilisateur;;info_vente_specificite_marche;;;nombre_utilisateur;;
/infoVenteLibelle/infoVenteSpecificiteMarche;infoVenteSpecificiteMarche;;;;nombreLicence;;info_vente_specificite_marche;;;nombre_licence;;
/infoVenteLibelle/infoVenteSpecificiteMarche;infoVenteSpecificiteMarche;;;;dureeLicence;;info_vente_specificite_marche;;;duree_licence;;
/infoVenteLibelle/infoVenteSpecificiteMarche;infoVenteSpecificiteMarche;;;;resolution;;info_vente_specificite_marche;;;resolution;;
/infoVenteLibelle/infoVenteSpecificiteMarche;infoVenteSpecificiteMarche;;;;nombreJoueur;;info_vente_specificite_marche;;;nombre_joueur;;
/infoVenteLibelle/infoVenteSpecificiteMarche;infoVenteSpecificiteMarche;;;;qualiteEnregistrement;;info_vente_specificite_marche;;;qualite_enregistrement;;
/infoVenteLibelle/infoVenteSpecificiteMarche;infoVenteSpecificiteMarche;;;;controleCopie;;info_vente_specificite_marche;;;contrôle_copie;;
/infoVenteLibelle/infoVenteSpecificiteMarche;infoVenteSpecificiteMarche;;;;numeroDisque;;info_vente_specificite_marche;;;numero_disque;;
/infoVenteLibelle/infoVenteSpecificiteMarche;infoVenteSpecificiteMarche;;;;numeroPiste;;info_vente_specificite_marche;;;numero_piste;;
/infoVenteLibelle/infoVenteSpecificiteMarche;infoVenteSpecificiteMarche;;;;distributeur;;info_vente_specificite_marche;;;distributeur;;
/infoVenteLibelle/infoVenteSpecificiteMarche;infoVenteSpecificiteMarche;;;;label;;info_vente_specificite_marche;;;label;;
/infoVenteLibelle/infoVenteSpecificiteMarche;infoVenteSpecificiteMarche;;;X;iVSMFonctionArtiste;;info_vente_specificite_marche;;;fonction_artiste (IVSM_fonction_artiste);;
/infoVenteLibelle/infoVenteSpecificiteMarche;infoVenteSpecificiteMarche;;;X;iVSMGenreDeMusique;;info_vente_specificite_marche;;;identifiant_unique_genre (IVSM_genre_de_musique);;
/infoVenteLibelle/infoVenteSpecificiteMarche;infoVenteSpecificiteMarche;;;;numeroDansCollection;;info_vente_specificite_marche;;;numero_dans_collection;;
/infoVenteLibelle/infoVenteSpecificiteMarche;infoVenteSpecificiteMarche;;;X;iVSMLangueUtilisee;;info_vente_specificite_marche;;;identifiant_unique_langue_utilisee (IVSM_langue_utilisee);;
/infoVenteLibelle/infoVenteSpecificiteMarche;infoVenteSpecificiteMarche;;;;couleurImage;;info_vente_specificite_marche;;;couleur_image;;
/infoVenteLibelle/infoVenteSpecificiteMarche;infoVenteSpecificiteMarche;;;X;iVSMFormatImage;;info_vente_specificite_marche;;;format_image (IVSM_format_image);;
/infoVenteLibelle/infoVenteSpecificiteMarche;infoVenteSpecificiteMarche;;;X;iVSMQualiteDeSon;;info_vente_specificite_marche;;;identifiant_unique_qualite_son (IVSM_qualite_de_son);;
/infoVenteLibelle/infoVenteSpecificiteMarche;infoVenteSpecificiteMarche;;;X;iVSMTypeDeBonus;;info_vente_specificite_marche;;;identifiant_unique_bonus (IVSM_type_de_bonus);;
/infoVenteLibelle/infoVenteSpecificiteMarche;infoVenteSpecificiteMarche;;;X;iVSMClassificationDesOeuvresCinematographiques;;info_vente_specificite_marche;;;public (IVSM_classification_des_oeuvres_cinematographiques);;
/infoVenteLibelle/infoVenteSpecificiteMarche;infoVenteSpecificiteMarche;;;X;iVSMClassificationPegi;;info_vente_specificite_marche;;;identifiant_unique_pegi (IVSM_classification_pegi);;
/infoVenteLibelle/infoVenteSpecificiteMarche;infoVenteSpecificiteMarche;;;;jeuEnLigne;;info_vente_specificite_marche;;;jeu_en_ligne;;
/infoVenteLibelle/infoVenteSpecificiteMarche;infoVenteSpecificiteMarche;;;;connexionInternet;;info_vente_specificite_marche;;;connexion_internet;;
/infoVenteLibelle/infoVenteSpecificiteMarche;infoVenteSpecificiteMarche;;;;studioDeveloppement;;info_vente_specificite_marche;;;studio_developpement;;
/infoVenteLibelle/infoVenteSpecificiteMarche;infoVenteSpecificiteMarche;;;X;iVSMEntite;;info_vente_specificite_marche;;;proprietaire (IVSM_entite);;
/infoVenteLibelle/infoVenteSpecificiteMarche;infoVenteSpecificiteMarche;;;;dateCreation;;info_vente_specificite_marche;;;date_creation;;
/infoVenteLibelle/infoVenteSpecificiteMarche;infoVenteSpecificiteMarche;;;;dateMaj;;info_vente_specificite_marche;;;date_maj;;
/infoVenteLibelle/infoVenteSpecificiteMarche;infoVenteSpecificiteMarche;;fruitLegume;;identifiantUniqueFruitLegume;;info_vente_specificite_marche;;fruit_legume;identifiant_unique_fruit_legume;;
/infoVenteLibelle/infoVenteSpecificiteMarche;infoVenteSpecificiteMarche;;fruitLegume;X;iVSMPaysOrigine;;info_vente_specificite_marche;;fruit_legume;origine (IVSM_pays_origine);;
/infoVenteLibelle/infoVenteSpecificiteMarche;infoVenteSpecificiteMarche;;fruitLegume;;calibre;;info_vente_specificite_marche;;fruit_legume;calibre;;
/infoVenteLibelle/infoVenteSpecificiteMarche;infoVenteSpecificiteMarche;;fruitLegume;;categorie;;info_vente_specificite_marche;;fruit_legume;categorie;;
/infoVenteLibelle/infoVenteSpecificiteMarche;infoVenteSpecificiteMarche;;fruitLegume;;variete;;info_vente_specificite_marche;;fruit_legume;variete;;
/infoVenteLibelle/infoVenteSpecificiteMarche;infoVenteSpecificiteMarche;;fruitLegume;;saisonnalite;;info_vente_specificite_marche;;fruit_legume;saisonnalite;;
/infoVenteLibelle/infoVenteSpecificiteMarche;infoVenteSpecificiteMarche;;interprete;;identifiantUniqueInterprete;;info_vente_specificite_marche;;interprete;identifiant_unique_interprete;;
/infoVenteLibelle/infoVenteSpecificiteMarche;infoVenteSpecificiteMarche;;interprete;;interprete;;info_vente_specificite_marche;;interprete;interprete;;
/infoVenteLibelle/infoVenteSpecificiteMarche;infoVenteSpecificiteMarche;;interprete;;principal;;info_vente_specificite_marche;;interprete;principal;;
/infoVenteLibelle/infoVenteSpecificiteMarche;infoVenteSpecificiteMarche;;prixFutur;;identifiantUniquePrixFutur;;info_vente_specificite_marche;;prix_futur;identifiant_unique_prix_futur;;
/infoVenteLibelle/infoVenteSpecificiteMarche;infoVenteSpecificiteMarche;;prixFutur;;prixFutur;;info_vente_specificite_marche;;prix_futur;prix_futur;;
/infoVenteLibelle/infoVenteSpecificiteMarche;infoVenteSpecificiteMarche;;prixFutur;;dateDebutPrixFutur;;info_vente_specificite_marche;;prix_futur;date_debut_prix_futur;;
/infoVenteLibelle/infoVenteSpecificiteMarche;infoVenteSpecificiteMarche;;prixFutur;;dateFinPrixFutur;;info_vente_specificite_marche;;prix_futur;date_fin_prix_futur;;
/infoVenteLibelle/infoVenteInformationMagasin;infoVenteInformationMagasin;;;;identifiantUniqueInfoVenteInformationMagasin;;info_vente_information_magasin;;;identifiant_unique_info_vente_information_magasin;;
/infoVenteLibelle/infoVenteInformationMagasin;infoVenteInformationMagasin;;;;dateSortieNationale;;info_vente_information_magasin;;;date_sortie_nationale;;
/infoVenteLibelle/infoVenteInformationMagasin;infoVenteInformationMagasin;;;;indicateurCrochet;;info_vente_information_magasin;;;indicateur_crochet;;
/infoVenteLibelle/infoVenteInformationMagasin;infoVenteInformationMagasin;;;;flagProduitReferent;;info_vente_information_magasin;;;flag_produit_referent;;
/infoVenteLibelle/infoVenteInformationMagasin;infoVenteInformationMagasin;;;;flagMiseDispositionLibreService;;info_vente_information_magasin;;;flag_mise_disposition_libre_service;;
/infoVenteLibelle/infoVenteInformationMagasin;infoVenteInformationMagasin;;;;indicateurSystemeProtectionAntivol;;info_vente_information_magasin;;;indicateur_systeme_protection_antivol;;
/infoVenteLibelle/infoVenteInformationMagasin;infoVenteInformationMagasin;;;;typeSystemeProtectionAntivol;;info_vente_information_magasin;;;type_systeme_protection_antivol;;
/infoVenteLibelle/infoVenteInformationMagasin;infoVenteInformationMagasin;;;X;iVIMEntite;;info_vente_information_magasin;;;proprietaire (IVIM_entite);;
/infoVenteLibelle/infoVenteInformationMagasin;infoVenteInformationMagasin;;;;dateCreation;;info_vente_information_magasin;;;date_creation;;
/infoVenteLibelle/infoVenteInformationMagasin;infoVenteInformationMagasin;;;;dateMaj;;info_vente_information_magasin;;;date_maj;;
/infoVenteLibelle/infoVenteInformationMagasin;infoVenteInformationMagasin;;varianteMarketing;;identifiantUniqueVarianteMarketing;;info_vente_information_magasin;;variante_marketing;identifiant_unique_variante_marketing;;
/infoVenteLibelle/infoVenteInformationMagasin;infoVenteInformationMagasin;;varianteMarketing;;libelleVarianteMarketing;;info_vente_information_magasin;;variante_marketing;libelle_variante_marketing;;
/infoVenteLibelle/infoVenteInformationMagasin;infoVenteInformationMagasin;;varianteMarketing;;identifiantUniqueFournisseur;;info_vente_information_magasin;;variante_marketing;identifiant_unique_fournisseur;;
/infoVenteDimension;infoVenteDimension;;;;identifiantUniqueInfoVenteDimension;;;;info_vente_dimension;;identifiant_unique_info_vente_dimension;
/infoVenteDimension;infoVenteDimension;;;;largeur;;;;info_vente_dimension;;largeur;
/infoVenteDimension;infoVenteDimension;;;;iVDUniteDeMesureLargeur;;;;info_vente_dimension;;unite_largeur (IVD_unite_de_mesure_largeur);
/infoVenteDimension;infoVenteDimension;;;;profondeur;;;;info_vente_dimension;;profondeur;
/infoVenteDimension;infoVenteDimension;;;;iVDUniteDeMesureProfondeur;;;;info_vente_dimension;;unite_profondeur (IVD_unite_de_mesure_profondeur);
/infoVenteDimension;infoVenteDimension;;;;hauteur;;;;info_vente_dimension;;hauteur;
/infoVenteDimension;infoVenteDimension;;;;iVDUniteDeMesureHauteur;;;;info_vente_dimension;;unite_hauteur (IVD_unite_de_mesure_hauteur);
/infoVenteDimension;infoVenteDimension;;;;poidsBrut;;;;info_vente_dimension;;poids_brut;
/infoVenteDimension;infoVenteDimension;;;;iVDUniteDeMesurePoidsBrut;;;;info_vente_dimension;;unite_poids_brut (IVD_unite_de_mesure_poids_brut);
/infoVenteDimension;infoVenteDimension;;;;poidsNet;;;;info_vente_dimension;;poids_net;
/infoVenteDimension;infoVenteDimension;;;;iVDUniteDeMesurePoidsNet;;;;info_vente_dimension;;unite_poids_net (IVD_unite_de_mesure_poids_net);
/infoVenteDimension;infoVenteDimension;;;;poidsNetEgoutte;;;;info_vente_dimension;;poids_net_egoutte;
/infoVenteDimension;infoVenteDimension;;;;iVDUniteDeMesurePoidsNetEgoutte;;;;info_vente_dimension;;unite_ poids_net_egoutte (IVD_unite_de_mesure_poids_net_egoutte);
/infoVenteDimension;infoVenteDimension;;;;descriptionLot;;;;info_vente_dimension;;description_lot;
/infoVenteDimension;infoVenteDimension;;;;nombreProduitsNonGratuitsDansLot;;;;info_vente_dimension;;nombre_produits_non_gratuits_dans_lot;
/infoVenteDimension;infoVenteDimension;;;;descriptionContenantPrincipal;;;;info_vente_dimension;;description_contenant_principal;
/infoVenteDimension;infoVenteDimension;;;;contenanceHorsGratuite;;;;info_vente_dimension;;contenance_hors_gratuite;
/infoVenteDimension;infoVenteDimension;;;;iVDUniteDeMesureContenanceHorsGratuite;;;;info_vente_dimension;;um_contenance_hors_gratuite (IVD_unite_de_mesure_contenance_hors_gratuite);
/infoVenteDimension;infoVenteDimension;;;;iVDTypeGratuite;;;;info_vente_dimension;;identifiant_unique_type_gratuite (IVD_type_gratuite);
/infoVenteDimension;infoVenteDimension;;;;nombreProduitGratuitDansLot;;;;info_vente_dimension;;nombre_produit_gratuit_dans_lot;
/infoVenteDimension;infoVenteDimension;;;;descriptionContenantProduitGratuit;;;;info_vente_dimension;;description_contenant_produit_gratuit;
/infoVenteDimension;infoVenteDimension;;;;contenanceGratuite;;;;info_vente_dimension;;contenance_gratuite;
/infoVenteDimension;infoVenteDimension;;;;iVDUniteDeMesureContenanceGratuite;;;;info_vente_dimension;;um_contenance_gratuite (IVD_unite_de_mesure_contenance_gratuite);
/infoVenteDimension;infoVenteDimension;;;;contenanceTotaleCalculee;;;;info_vente_dimension;;contenance_totale_calculee;
/infoVenteDimension;infoVenteDimension;;;;iVDUniteDeMesureContenanceTotaleCalculee;;;;info_vente_dimension;;um_contenance_totale_calculee (IVD_unite_de_mesure_contenance_totale_calculee);
/infoVenteDimension;infoVenteDimension;;;;iVDEntite;;;;info_vente_dimension;;proprietaire (IVD_entite);
/infoVenteDimension;infoVenteDimension;;;;dateCreation;;;;info_vente_dimension;;date_creation;
/infoVenteDimension;infoVenteDimension;;;;dateMaj;;;;info_vente_dimension;;date_maj;
/infoVenteAsset;infoVenteAsset;;;;identifiantUniqueInfoVenteAsset;;info_vente_asset;;;identifiant_unique_info_vente_asset;;
/infoVenteAsset;infoVenteAsset;;;;typeAsset;;info_vente_asset;;;type_asset;;
/infoVenteAsset;infoVenteAsset;;;;lienVersAsset;;info_vente_asset;;;lien_vers_asset;;
/infoVenteAsset;infoVenteAsset;;;;dateDebutValidite;;info_vente_asset;;;date_debut_validite;;
/infoVenteAsset;infoVenteAsset;;;;dateFinValidite;;info_vente_asset;;;date_fin_validite;;
/infoVenteAsset;infoVenteAsset;;;X;iVAEntite;;info_vente_asset;;;proprietaire (IVA_entite);;
/infoVenteAsset;infoVenteAsset;;;;dateCreation;;info_vente_asset;;;date_creation;;
/infoVenteAsset;infoVenteAsset;;;;dateMaj;;info_vente_asset;;;date_maj;;
/infoAchatGeneralite;infoAchatGeneralite;;;;identifiantUniqueInfoAchatGeneralite;;info_achat_generalite;;;identifiant_unique_info_achat_generalite;;
/infoAchatGeneralite;infoAchatGeneralite;;;X;iAGPaysConditionnement;;info_achat_generalite;;;identifiant_unique_pays_conditionnement (IAG_pays_conditionnement);;
/infoAchatGeneralite;infoAchatGeneralite;;;;flagArticlePenalisable;;info_achat_generalite;;;flag_article_penalisable;;
/infoAchatGeneralite;infoAchatGeneralite;;;;dateDebutCommandePenalisable;;info_achat_generalite;;;date_debut_commande_penalisable;;
/infoAchatGeneralite;infoAchatGeneralite;;;;dateFinCommandePenalisable;;info_achat_generalite;;;date_fin_commande_penalisable;;
/infoAchatGeneralite;infoAchatGeneralite;;;;identifiantUniqueFabricant;;info_achat_generalite;;;identifiant_unique_fabricant;;
/infoAchatGeneralite;infoAchatGeneralite;;;;exclusVenteExport;;info_achat_generalite;;;exclus_vente_export;;
/infoAchatGeneralite;infoAchatGeneralite;;;;informationQrCode;;info_achat_generalite;;;information_qr_code;;
/infoAchatGeneralite;infoAchatGeneralite;;;;negoPrixSca;;info_achat_generalite;;;nego_prix_sca;;
/infoAchatGeneralite;infoAchatGeneralite;;;X;iAGEntite;;info_achat_generalite;;;proprietaire (IAG_entite);;
/infoAchatGeneralite;infoAchatGeneralite;;;;dateCreation;;info_achat_generalite;;;date_creation;;
/infoAchatGeneralite;infoAchatGeneralite;;;;dateMaj;;info_achat_generalite;;;date_maj;;
/infoAchatGeneralite;infoAchatGeneralite;;filiere;;identifiantUniqueFiliere;;info_achat_generalite;;filiere;identifiant_unique_filiere;;
/infoAchatGeneralite;infoAchatGeneralite;infoAchatGeneralite;;;;;info_achat_generalite;;;;;
/infoAchatGeneralite;infoAchatGeneralite;infoAchatInformationCommande;;;;;info_achat_generalite;;;;;
/infoAchatGeneralite;infoAchatGeneralite;infoAchatProvenance;;;;;info_achat_generalite;;;;;
/infoAchatGeneralite/infoAchatInformationCommande;infoAchatInformationCommande;;;;identifiantUniqueInfoAchatInformationCommande;;info_achat_information_commande;;;identifiant_unique_info_achat_information_commande;;
/infoAchatGeneralite/infoAchatInformationCommande;infoAchatInformationCommande;;;;indicateurMarquagePrixVente;;info_achat_information_commande;;;indicateur_marquage_prix_vente;;
/infoAchatGeneralite/infoAchatInformationCommande;infoAchatInformationCommande;;;X;iAICUniteMesureFacturation;;info_achat_information_commande;;;unite_mesure_facturation (IAIC_unite_mesure_facturation);;
/infoAchatGeneralite/infoAchatInformationCommande;infoAchatInformationCommande;;;X;iAICUniteMesureCommande;;info_achat_information_commande;;;unite_mesure_commande (IAIC_unite_mesure_commande);;
/infoAchatGeneralite/infoAchatInformationCommande;infoAchatInformationCommande;;;;quantiteMinimumCommande;;info_achat_information_commande;;;quantite_minimum_commande;;
/infoAchatGeneralite/infoAchatInformationCommande;infoAchatInformationCommande;;;X;iAICEntite;;info_achat_information_commande;;;proprietaire (IAIC_entite);;
/infoAchatGeneralite/infoAchatInformationCommande;infoAchatInformationCommande;;;;dateCreation;;info_achat_information_commande;;;date_creation;;
/infoAchatGeneralite/infoAchatInformationCommande;infoAchatInformationCommande;;;;dateMaj;;info_achat_information_commande;;;date_maj;;
/infoAchatGeneralite/infoAchatInformationCommande;infoAchatInformationCommande;;achatFournisseur;;identifiantUniqueAchatFournisseur;;info_achat_information_commande;;achat_fournisseur;identifiant_unique_achat_fournisseur;;
/infoAchatGeneralite/infoAchatInformationCommande;infoAchatInformationCommande;;achatFournisseur;;identifiantUniqueFournisseur;;info_achat_information_commande;;achat_fournisseur;identifiant_unique_fournisseur;;
/infoAchatGeneralite/infoAchatInformationCommande;infoAchatInformationCommande;;achatFournisseur;;codeProduitFournisseur;;info_achat_information_commande;;achat_fournisseur;code_produit_fournisseur;;
/infoAchatGeneralite/infoAchatInformationCommande;infoAchatInformationCommande;;achatFournisseur;;libelleProduitFournisseur;;info_achat_information_commande;;achat_fournisseur;libelle_produit_fournisseur;;
/infoAchatGeneralite/infoAchatInformationCommande;infoAchatInformationCommande;;achatFournisseur;;datePremiereCommande;;info_achat_information_commande;;achat_fournisseur;date_premiere_commande;;
/infoAchatGeneralite/infoAchatInformationCommande;infoAchatInformationCommande;;achatFournisseur;;dateDernierJourCommande;;info_achat_information_commande;;achat_fournisseur;date_dernier_jour_commande;;
/infoAchatGeneralite/infoAchatInformationCommande;infoAchatInformationCommande;;achatFournisseur;;multipleCommande;;info_achat_information_commande;;achat_fournisseur;multiple_commande;;
/infoAchatGeneralite/infoAchatInformationCommande;infoAchatInformationCommande;;achatFournisseur;;gtinCommande;;info_achat_information_commande;;achat_fournisseur;gtin_commande;;
/infoAchatGeneralite/infoAchatInformationCommande;infoAchatInformationCommande;;achatFournisseur;;nombrePointIncitation;;info_achat_information_commande;;achat_fournisseur;nombre_point_incitation;;
/infoAchatGeneralite/infoAchatInformationCommande;infoAchatInformationCommande;;dureeDeVie;;identifiantUniqueDureeVie;;info_achat_information_commande;;duree_de_vie;identifiant_unique_duree_vie;;
/infoAchatGeneralite/infoAchatInformationCommande;infoAchatInformationCommande;;dureeDeVie;;dureeVieDerogatoire;;info_achat_information_commande;;duree_de_vie;duree_vie_derogatoire;;
/infoAchatGeneralite/infoAchatInformationCommande;infoAchatInformationCommande;;dureeDeVie;;dateDebutDureeVieDerogatoire;;info_achat_information_commande;;duree_de_vie;date_debut_duree_vie_derogatoire;;
/infoAchatGeneralite/infoAchatInformationCommande;infoAchatInformationCommande;;dureeDeVie;;dateFinDureeVieDerogatoire;;info_achat_information_commande;;duree_de_vie;date_fin_duree_vie_derogatoire;;
/infoAchatGeneralite/infoAchatInformationCommande;infoAchatInformationCommande;;coutTransport;;identifiantUniqueCoutTransport;;info_achat_information_commande;;cout_transport;identifiant_unique_cout_transport;;
/infoAchatGeneralite/infoAchatInformationCommande;infoAchatInformationCommande;;coutTransport;;coutTransport;;info_achat_information_commande;;cout_transport;cout_transport;;
/infoAchatGeneralite/infoAchatInformationCommande;infoAchatInformationCommande;;coutTransport;;quantiteCoutTransport;;info_achat_information_commande;;cout_transport;quantite_cout_transport;;
/infoAchatGeneralite/infoAchatInformationCommande;infoAchatInformationCommande;;coutTransport;;gtinCoutTransport;;info_achat_information_commande;;cout_transport;gtin_cout_transport;;
/infoAchatGeneralite/infoAchatInformationCommande;infoAchatInformationCommande;;coutTransport;;dateDebutValidite;;info_achat_information_commande;;cout_transport;date_debut_validite;;
/infoAchatGeneralite/infoAchatInformationCommande;infoAchatInformationCommande;;coutTransport;;dateFinValidite;;info_achat_information_commande;;cout_transport;date_fin_validite;;
/infoAchatGeneralite/infoAchatInformationCommande;infoAchatInformationCommande;;contratDvrc;;identifiantUniqueContratDvrc;;info_achat_information_commande;;contrat_DVRC;identifiant_unique_contrat_dvrc;;
/infoAchatGeneralite/infoAchatInformationCommande;infoAchatInformationCommande;;contratDvrc;;identifiantUniqueContractContratDvrc;;info_achat_information_commande;;contrat_DVRC;identifiant_unique_contract_contrat_dvrc;;
/infoAchatGeneralite/infoAchatInformationCommande;infoAchatInformationCommande;;contratDvrc;;dateAffectationContratProduit;;info_achat_information_commande;;contrat_DVRC;date_affectation_contrat_produit;;
/infoAchatGeneralite/infoAchatInformationCommande;infoAchatInformationCommande;;contratDvrc;X;iAICStatutDvrc;;info_achat_information_commande;;contrat_DVRC;identifiant_unique_statut_dvrc (IAIC_statut_dvrc);;
/infoAchatGeneralite/infoAchatInformationCommande;infoAchatInformationCommande;;contratDvrc;X;iAICDureeVieProduit;;info_achat_information_commande;;contrat_DVRC;duree_vie_restant_a_courir (IAIC_duree_vie_produit);;
/infoAchatGeneralite/infoAchatInformationCommande;infoAchatInformationCommande;;contratSelectionGamme;;identifiantUniqueContratSelectionGamme;;info_achat_information_commande;;contrat_selection_gamme;identifiant_unique_contrat_selection_gamme;;
/infoAchatGeneralite/infoAchatInformationCommande;infoAchatInformationCommande;;contratSelectionGamme;;identifiantUniqueContractContratSelectionGamme;;info_achat_information_commande;;contrat_selection_gamme;identifiant_unique_contract_contrat_selection_gamme;;
/infoAchatGeneralite/infoAchatInformationCommande;infoAchatInformationCommande;;contratSelectionGamme;;dateDebutReferencement;;info_achat_information_commande;;contrat_selection_gamme;date_debut_referencement;;
/infoAchatGeneralite/infoAchatInformationCommande;infoAchatInformationCommande;;contratSelectionGamme;;dateFinReferencement;;info_achat_information_commande;;contrat_selection_gamme;date_fin_referencement;;
/infoAchatGeneralite/infoAchatInformationCommande;infoAchatInformationCommande;;contratSelectionGamme;X;iAICStatutDeReferencement;;info_achat_information_commande;;contrat_selection_gamme;statut_selection (IAIC_statut_de_referencement);;
/infoAchatGeneralite/infoAchatProvenance;infoAchatProvenance;;;;identifiantUniqueInfoAchatProvenance;;info_achat_provenance;;;identifiant_unique_info_achat_provenance;;
/infoAchatGeneralite/infoAchatProvenance;infoAchatProvenance;;;;zoneGeographiqueProvenance;;info_achat_provenance;;;zone_geographique_provenance;;
/infoAchatGeneralite/infoAchatProvenance;infoAchatProvenance;;;X;iAPEntite;;info_achat_provenance;;;proprietaire (IAP_entite);;
/infoAchatGeneralite/infoAchatProvenance;infoAchatProvenance;;;;dateCreation;;info_achat_provenance;;;date_creation;;
/infoAchatGeneralite/infoAchatProvenance;infoAchatProvenance;;;;dateMaj;;info_achat_provenance;;;date_maj;;
/infoAchatGeneralite/infoAchatProvenance;infoAchatProvenance;;provenance;;identifiantUniqueProvenance;;info_achat_provenance;;provenance;identifiant_unique_provenance;;
/infoAchatGeneralite/infoAchatProvenance;infoAchatProvenance;;provenance;X;iAPTypeDeProvenance;;info_achat_provenance;;provenance;identifiant_unique_type_provenance (IAP_type_de_provenance);;
/infoAchatGeneralite/infoAchatProvenance;infoAchatProvenance;;provenance;;informationProvenance;;info_achat_provenance;;provenance;information provenance;;
/infoAchatGeneralite/infoAchatProvenance;infoAchatProvenance;;provenance;;libelleProvenance;;info_achat_provenance;;provenance;libellé provenance;;
/infoAchatGeneralite/infoAchatProvenance;infoAchatProvenance;;provenance;X;iAPPaysProvenance;;info_achat_provenance;;provenance;identifiant_unique_pays_type_provenance (IAP_pays_provenance);;
/infoAchatGeneralite/infoAchatProvenance;infoAchatProvenance;;provenance;X;iAPRegionProvenance;;info_achat_provenance;;provenance;identifiant_unique_region_type_provenance (IAP_region_provenance);;
/infoAchatGeneralite/infoAchatProvenance;infoAchatProvenance;;provenance;X;iAPDepartementOrigine;;info_achat_provenance;;provenance;identifiant_unique_departement_origine (IAP_departement_origine);;
/infoAchatGeneralite/infoAchatProvenance;infoAchatProvenance;;provenance;X;iAPZoneFao;;info_achat_provenance;;provenance;identifiant_unique_zone_fao (IAP_zone_fao);;
/infoAchatGeneralite/infoAchatProvenance;infoAchatProvenance;;provenance;X;iAPZoneGeographiqueProvenance;;info_achat_provenance;;provenance;zone_geographique_provenance (IAP_zone_geographique_provenance);;
/infoAchatGeneralite/infoAchatProvenance;infoAchatProvenance;;marchePartage;;identifiantUniqueMarchePartage;;info_achat_provenance;;marche_partage;identifiant_unique_marche_partage;;
/infoAchatGeneralite/infoAchatProvenance;infoAchatProvenance;;marchePartage;X;iAPTypeDeMarchePartage;;info_achat_provenance;;marche_partage;identifiant_unique_type_marche_partage (IAP_type_de_marche_partage);;
/infoAchatGeneralite/infoAchatProvenance;infoAchatProvenance;;marchePartage;X;iAPEntiteCentraleDestinataire;;info_achat_provenance;;marche_partage;identifiant_unique_centrale_destinataire (IAP_entite_centrale_destinataire);;
/infoAchatGeneralite/infoAchatProvenance;infoAchatProvenance;;marchePartage;;dateDebutValidite;;info_achat_provenance;;marche_partage;date_debut_validite;;
/infoAchatGeneralite/infoAchatProvenance;infoAchatProvenance;;marchePartage;;dateFinValidite;;info_achat_provenance;;marche_partage;date_fin_validite;;
/infoAchatGeneralite/infoAchatSpecificiteMarche;infoAchatSpecificiteMarche;;;;identifiantUniqueInfoAchatSpecificiteMarche;;info_achat_specificite_marche;;;identifiant_unique_info_achat_specificite_marche;;
/infoAchatGeneralite/infoAchatSpecificiteMarche;infoAchatSpecificiteMarche;;;X;iASMMouvementParkod;;info_achat_specificite_marche;;;code_mouvement (IASM_mouvement_parkod);;
/infoAchatGeneralite/infoAchatSpecificiteMarche;infoAchatSpecificiteMarche;;;;saisonnalite;;info_achat_specificite_marche;;;saisonnalite;;
/infoAchatGeneralite/infoAchatSpecificiteMarche;infoAchatSpecificiteMarche;;;;indicateurCintre;;info_achat_specificite_marche;;;indicateur_cintre;;
/infoAchatGeneralite/infoAchatSpecificiteMarche;infoAchatSpecificiteMarche;;;;indicateurBoiteChaussureFournie;;info_achat_specificite_marche;;;indicateur_boite_chaussure_fournie;;
/infoAchatGeneralite/infoAchatSpecificiteMarche;infoAchatSpecificiteMarche;;;X;iASMMatiereDessusChaussure;;info_achat_specificite_marche;;;matiere_dessus_chaussure (IASM_matiere_dessus_chaussure);;
/infoAchatGeneralite/infoAchatSpecificiteMarche;infoAchatSpecificiteMarche;;;X;iASMMatiereDicalisDoublureChaussure;;info_achat_specificite_marche;;;matiere_doublure_chaussure (IASM_matiere_dicalis_doublure_chaussure);;
/infoAchatGeneralite/infoAchatSpecificiteMarche;infoAchatSpecificiteMarche;;;X;iASMMatiereDicalisPremiereChaussure;;info_achat_specificite_marche;;;matiere_premiere_chaussure (IASM_matiere_dicalis_premiere_chaussure);;
/infoAchatGeneralite/infoAchatSpecificiteMarche;infoAchatSpecificiteMarche;;;X;iASMMatiereDicalisSemelleChaussure;;info_achat_specificite_marche;;;matiere_semelle_chaussure (IASM_matiere_dicalis_semelle_chaussure);;
/infoAchatGeneralite/infoAchatSpecificiteMarche;infoAchatSpecificiteMarche;;;X;iASMMatiereDicalisPatinChaussure;;info_achat_specificite_marche;;;matiere_patin_chaussure (IASM_matiere_dicalis_patin_chaussure);;
/infoAchatGeneralite/infoAchatSpecificiteMarche;infoAchatSpecificiteMarche;;;X;iASMDureeDeVieProduit;;info_achat_specificite_marche;;;identifiant_unique_duree_vie_produit (IASM_duree_de_vie_produit);;
/infoAchatGeneralite/infoAchatSpecificiteMarche;infoAchatSpecificiteMarche;;;X;iASMModeDeGestionTextile;;info_achat_specificite_marche;;;identifiant_unique_mode_gestion (IASM_mode_de_gestion_textile);;
/infoAchatGeneralite/infoAchatSpecificiteMarche;infoAchatSpecificiteMarche;;;;grammage;;info_achat_specificite_marche;;;grammage;;
/infoAchatGeneralite/infoAchatSpecificiteMarche;infoAchatSpecificiteMarche;;;X;iASMUniteMesureGrammage;;info_achat_specificite_marche;;;unite_grammage (IASM_unite_mesure_grammage);;
/infoAchatGeneralite/infoAchatSpecificiteMarche;infoAchatSpecificiteMarche;;;X;iASMTypeDeVetement;;info_achat_specificite_marche;;;identifiant_unique_type_vetement (IASM_type_de_vetement);;
/infoAchatGeneralite/infoAchatSpecificiteMarche;infoAchatSpecificiteMarche;;;X;iASMTechnologieContexture;;info_achat_specificite_marche;;;identifiant_unique_type_technologie_contexture (IASM_technologie_contexture);;
/infoAchatGeneralite/infoAchatSpecificiteMarche;infoAchatSpecificiteMarche;;;X;iASMTypeDeComposition;;info_achat_specificite_marche;;;identifiant_unique_type_composition (IASM_type_de_composition);;
/infoAchatGeneralite/infoAchatSpecificiteMarche;infoAchatSpecificiteMarche;;;;pourcentage;;info_achat_specificite_marche;;;pourcentage;;
/infoAchatGeneralite/infoAchatSpecificiteMarche;infoAchatSpecificiteMarche;;;;matiere;;info_achat_specificite_marche;;;matiere;;
/infoAchatGeneralite/infoAchatSpecificiteMarche;infoAchatSpecificiteMarche;;;;themeModele;;info_achat_specificite_marche;;;theme_modele;;
/infoAchatGeneralite/infoAchatSpecificiteMarche;infoAchatSpecificiteMarche;;;;flagEmballageIndividuel;;info_achat_specificite_marche;;;flag_emballage_individuel;;
/infoAchatGeneralite/infoAchatSpecificiteMarche;infoAchatSpecificiteMarche;;;X;iASMEntite;;info_achat_specificite_marche;;;proprietaire (IASM_entite);;
/infoAchatGeneralite/infoAchatSpecificiteMarche;infoAchatSpecificiteMarche;;;;dateCreation;;info_achat_specificite_marche;;;date_creation;;
/infoAchatGeneralite/infoAchatSpecificiteMarche;infoAchatSpecificiteMarche;;;;dateMaj;;info_achat_specificite_marche;;;date_maj;;
/infoAchatGeneralite/infoAchatSpecificiteMarche;infoAchatSpecificiteMarche;;tailleColoris;;identifiantUniqueTailleColoris;;info_achat_specificite_marche;;taille_coloris;identifiant_unique_taille_coloris;;
/infoAchatGeneralite/infoAchatSpecificiteMarche;infoAchatSpecificiteMarche;;tailleColoris;;gtinTco;;info_achat_specificite_marche;;taille_coloris;gtin_tco;;
/infoAchatGeneralite/infoAchatSpecificiteMarche;infoAchatSpecificiteMarche;;tailleColoris;X;iASMTypeDeTaille;;info_achat_specificite_marche;;taille_coloris;type_taille (IASM_type_de_taille);;
/infoAchatGeneralite/infoAchatSpecificiteMarche;infoAchatSpecificiteMarche;;tailleColoris;X;iASMTaille;;info_achat_specificite_marche;;taille_coloris;identifiant_unique_taille (IASM_taille);;
/infoAchatGeneralite/infoAchatSpecificiteMarche;infoAchatSpecificiteMarche;;tailleColoris;;ordreTaille;;info_achat_specificite_marche;;taille_coloris;ordre_taille;;
/infoAchatGeneralite/infoAchatSpecificiteMarche;infoAchatSpecificiteMarche;;tailleColoris;;coloris;;info_achat_specificite_marche;;taille_coloris;coloris;;
/infoAchatGeneralite/infoAchatSpecificiteMarche;infoAchatSpecificiteMarche;;tailleColoris;;ordreColoris;;info_achat_specificite_marche;;taille_coloris;ordre_coloris;;
/infoAchatGeneralite/infoAchatSpecificiteMarche;infoAchatSpecificiteMarche;;tailleColoris;;anneeTailleColoris;;info_achat_specificite_marche;;taille_coloris;annee_taille_coloris;;
/infoAchatGeneralite/infoAchatSpecificiteMarche;infoAchatSpecificiteMarche;;tailleColoris;X;iASMSaisonTextile;;info_achat_specificite_marche;;taille_coloris;saison (IASM_saison_textile);;
/infoAchatGeneralite/infoAchatSpecificiteMarche;infoAchatSpecificiteMarche;;tailleColorisFournisseur;;identifiantUniqueTailleColorisFournisseur;;info_achat_specificite_marche;;taille_coloris_fournisseur;identifiant_unique_taille_coloris_fournisseur;;
/infoAchatGeneralite/infoAchatSpecificiteMarche;infoAchatSpecificiteMarche;;tailleColorisFournisseur;;identifiantUniqueFournisseur;;info_achat_specificite_marche;;taille_coloris_fournisseur;identifiant_unique_fournisseur;;
/infoAchatGeneralite/infoAchatSpecificiteMarche;infoAchatSpecificiteMarche;;tailleColorisFournisseur;;datePremiereCommandeTco;;info_achat_specificite_marche;;taille_coloris_fournisseur;date_premiere_commande_tco;;
/infoAchatGeneralite/infoAchatSpecificiteMarche;infoAchatSpecificiteMarche;;tailleColorisFournisseur;;dateDerniereCommandeTco;;info_achat_specificite_marche;;taille_coloris_fournisseur;date_derniere_commande_tco;;
/infoAchatGeneralite/infoAchatSpecificiteMarche;infoAchatSpecificiteMarche;;livraisonTextile;;identifiantUniqueLivraisonTextile;;info_achat_specificite_marche;;livraison_textile;identifiant_unique_livraison_textile;;
/infoAchatGeneralite/infoAchatSpecificiteMarche;infoAchatSpecificiteMarche;;livraisonTextile;;dateLivraison;;info_achat_specificite_marche;;livraison_textile;date_livraison;;
/infoAchatGeneralite/infoAchatSpecificiteMarche;infoAchatSpecificiteMarche;;livraisonTextile;;anneeLivraisonTextile;;info_achat_specificite_marche;;livraison_textile;annee_livraison_textile;;
/infoAchatGeneralite/infoAchatSpecificiteMarche;infoAchatSpecificiteMarche;;livraisonTextile;X;iASMSaisonTextileLivraison;;info_achat_specificite_marche;;livraison_textile;saison (IASM_saison_textile_livraison);;
/infoAchatGeneralite/infoAchatSpecificiteMarche;infoAchatSpecificiteMarche;;proprieteSuiteATraitementTextile;;identifiantUniqueProprieteSuiteATraitement;;info_achat_specificite_marche;;propriete_suite_a_traitement_textile;identifiant_unique_propriete_suite_a_traitement;;
/infoAchatGeneralite/infoAchatSpecificiteMarche;infoAchatSpecificiteMarche;;proprieteSuiteATraitementTextile;;proprieteSuiteATraitement;;info_achat_specificite_marche;;propriete_suite_a_traitement_textile;propriete_suite_a_traitement;;
/infoAchatGeneralite/infoAchatSpecificiteMarche;infoAchatSpecificiteMarche;;proprieteSuiteATraitementTextile;X;iASMTypeDeTraitement;;info_achat_specificite_marche;;propriete_suite_a_traitement_textile;identifiant_unique_type_traitement (IASM_type_de_traitement);;
/logistiqueIdentification;logistiqueIdentification;;;;identifiantUniqueLogistiqueIdentification;;logistique_identification;;;identifiant_unique_logistique_identification;;
/logistiqueIdentification;logistiqueIdentification;;;;gtin;;logistique_identification;;;gtin;;
/logistiqueIdentification;logistiqueIdentification;;;;codeSap;;logistique_identification;;;code_sap;;
/logistiqueIdentification;logistiqueIdentification;;;;libelleStandard;;logistique_identification;;;libelle_standard;;
/logistiqueIdentification;logistiqueIdentification;;;X;lITypeUniteLogistique;;logistique_identification;;;type_unite_logistique (LI_type_unite_logistique);;
/logistiqueIdentification;logistiqueIdentification;;;;flagPresentoir;;logistique_identification;;;flag_presentoir;;
/logistiqueIdentification;logistiqueIdentification;;;;identifiantUniqueFournisseur;;logistique_identification;;;identifiant_unique_fournisseur;;
/logistiqueIdentification;logistiqueIdentification;;;;indicateurQuantiteLimitee;;logistique_identification;;;indicateur_quantite_limitee;;
/logistiqueIdentification;logistiqueIdentification;;;;flagPassageEnCaisse;;logistique_identification;;;flag_passage_en_caisse;;
/logistiqueIdentification;logistiqueIdentification;;;;datePremiereCommande;;logistique_identification;;;date_premiere_commande;;
/logistiqueIdentification;logistiqueIdentification;;;X;lITypeDeSupport;;logistique_identification;;;identifiant_unique_type_de_support (LI_type_de_support);;
/logistiqueIdentification;logistiqueIdentification;;;X;lIEntite;;logistique_identification;;;proprietaire (LI_entite);;
/logistiqueIdentification;logistiqueIdentification;;;;dateCreation;;logistique_identification;;;date_creation;;
/logistiqueIdentification;logistiqueIdentification;;;;dateMaj;;logistique_identification;;;date_maj;;
/logistiqueIdentification;logistiqueIdentification;;hierarchieUl;;identifiantUniqueHierarchieUl;;logistique_identification;;hierarchie_ul;identifiant_unique_hierarchie_ul;;
/logistiqueIdentification;logistiqueIdentification;;hierarchieUl;;nombreUniteRangInferieurContenuDansUl;;logistique_identification;;hierarchie_ul;nombre_unite_rang_inferieur_contenu_dans_ul;;
/logistiqueIdentification;logistiqueIdentification;;hierarchieUl;;identifiantUniqueComposeUl;;logistique_identification;;hierarchie_ul;identifiant_unique_compose_ul;;
/logistiqueIdentification;logistiqueIdentification;;hierarchieUl;;identifiantUniqueComposantUl;;logistique_identification;;hierarchie_ul;identifiant_unique_composant_ul;;
/logistiqueIdentification;logistiqueIdentification;;palettisation;;identifiantUniquePalettisation;;logistique_identification;;palettisation;identifiant_unique_palettisation;;
/logistiqueIdentification;logistiqueIdentification;;palettisation;;nombreUcContenuDansUl;;logistique_identification;;palettisation;nombre_uc_contenu_dans_ul;;
/logistiqueIdentification;logistiqueIdentification;;palettisation;;identifiantUniqueDonneeGeneraleIdentification;;logistique_identification;;palettisation;identifiant_unique_donnees_generales_identification;"manque les 's' pour ""donnees"" et ""generales""";
/logistiqueIdentification;logistiqueIdentification;;travailleAvec;;identifiantUniqueTravailleAvec;;logistique_identification;;travaille_avec;identifiant_unique_travaille_avec;;
/logistiqueIdentification;logistiqueIdentification;;travailleAvec;X;lIEntiteSelection;;logistique_identification;;travaille_avec;entite_selection (LI_entite_selection);;
/logistiqueIdentification;logistiqueIdentification;;travailleAvec;;flagTravailleAvec;;logistique_identification;;travaille_avec;flag_travaille_avec;;
/logistiqueIdentification;logistiqueIdentification;;travailleAvec;;dateDebut;;logistique_identification;;travaille_avec;date_debut;;
/logistiqueIdentification;logistiqueIdentification;;travailleAvec;;dateFin;;logistique_identification;;travaille_avec;date_fin;;
/logistiqueIdentification;logistiqueIdentification;logistiqueInformationCommande;;;;;logistique_identification;;logistique_information_commande;;;
/logistiqueIdentification;logistiqueIdentification;logistiqueSupportEmballage;;;;;logistique_identification;;logistique_support_emballage;;;
/logistiqueIdentification;logistiqueIdentification;logistiqueSpecificiteMarche;;;;;logistique_identification;;logistique_specificite_marche;;;
/logistiqueIdentification;logistiqueIdentification;articleTypeBox;;;;;logistique_identification;;article_type_box;;;
/logistiqueIdentification/logistiqueInformationCommande;logistiqueInformationCommande;;;;identifiantUniqueLogistiqueInformationCommande;;logistique_information_commande;;;identifiant_unique_logistique_information_commande;;
/logistiqueIdentification/logistiqueInformationCommande;logistiqueInformationCommande;;;;gtin;;logistique_information_commande;;;gtin;;
/logistiqueIdentification/logistiqueInformationCommande;logistiqueInformationCommande;;;;quantiteMiniCommande;;logistique_information_commande;;;quantite_mini_commande;;
/logistiqueIdentification/logistiqueInformationCommande;logistiqueInformationCommande;;;;quantiteUvcDansUl;;logistique_information_commande;;;quantite_uvc_dans_ul;;
/logistiqueIdentification/logistiqueInformationCommande;logistiqueInformationCommande;;;;indicateurCoucheUniforme;;logistique_information_commande;;;indicateur_couche_uniforme;;
/logistiqueIdentification/logistiqueInformationCommande;logistiqueInformationCommande;;;;nbCoucheParPalette;;logistique_information_commande;;;nb_couche_par_palette;;
/logistiqueIdentification/logistiqueInformationCommande;logistiqueInformationCommande;;;;poidsMaxiGerbage;;logistique_information_commande;;;poids_maxi_gerbage;;
/logistiqueIdentification/logistiqueInformationCommande;logistiqueInformationCommande;;;X;lICUniteMesurePoidsMaxiGerbage;;logistique_information_commande;;;Unité du poids maxi  gerbage (LIC_unite_mesure_poids_maxi_gerbage);;
/logistiqueIdentification/logistiqueInformationCommande;logistiqueInformationCommande;;;;gerbabiliteEntrepot;;logistique_information_commande;;;gerbabilite_entrepot;;
/logistiqueIdentification/logistiqueInformationCommande;logistiqueInformationCommande;;;;gerbabiliteTransport;;logistique_information_commande;;;gerbabilite_transport;;
/logistiqueIdentification/logistiqueInformationCommande;logistiqueInformationCommande;;;;presencePac;;logistique_information_commande;;;presence_pac;;
/logistiqueIdentification/logistiqueInformationCommande;logistiqueInformationCommande;;;X;lICEntite;;logistique_information_commande;;;proprietaire (LIC_entite);;
/logistiqueIdentification/logistiqueInformationCommande;logistiqueInformationCommande;;;;dateCreation;;logistique_information_commande;;;date_creation;;
/logistiqueIdentification/logistiqueInformationCommande;logistiqueInformationCommande;;;;dateMaj;;logistique_information_commande;;;date_maj;;
/logistiqueIdentification/logistiqueInformationCommande;logistiqueInformationCommande;;commande;;identifiantUniqueCommande;;logistique_information_commande;;commande;identifiant_unique_commande;;
/logistiqueIdentification/logistiqueInformationCommande;logistiqueInformationCommande;;commande;;datePremiereCommande;;logistique_information_commande;;commande;date_premiere_commande;;
/logistiqueIdentification/logistiqueInformationCommande;logistiqueInformationCommande;;commande;;dateDernierJourCommande;;logistique_information_commande;;commande;date_dernier_jour_commande;;
/logistiqueIdentification/logistiqueInformationCommande;logistiqueInformationCommande;;commande;;multipleCommande;;logistique_information_commande;;commande;multiple_commande;;
/logistiqueIdentification/logistiqueInformationCommande;logistiqueInformationCommande;;commande;;gtinCommande;;logistique_information_commande;;commande;gtin_commande;;
/logistiqueIdentification/logistiqueInformationCommande;logistiqueInformationCommande;;commande;;nbPointIncitation;;logistique_information_commande;;commande;nb_point_incitation;;
/logistiqueIdentification/logistiqueInformationCommande;logistiqueInformationCommande;;commande;;identifiantUniqueFournisseur;;logistique_information_commande;;commande;identifiant_unique_fournisseur;;
/logistiqueIdentification/logistiqueInformationCommande;logistiqueInformationCommande;;commande;;codeProduitFournisseur;;logistique_information_commande;;commande;code_produit_fournisseur;;
/logistiqueIdentification/logistiqueInformationCommande;logistiqueInformationCommande;;commande;;libelleProduitFournisseur;;logistique_information_commande;;commande;libelle_produit_fournisseur;;
/logistiqueIdentification/logistiqueSupportEmballage;logistiqueSupportEmballage;;;;identifiantUniqueLogistiqueSupportEmballage;;logistique_support_emballage;;;identifiant_unique_logistique_support_emballage;;
/logistiqueIdentification/logistiqueSupportEmballage;logistiqueSupportEmballage;;;X;lETypeDeSupportEmballage;;logistique_support_emballage;;;type_support_emballage (LE_type_de_support_emballage);;
/logistiqueIdentification/logistiqueSupportEmballage;logistiqueSupportEmballage;;;X;lSTypeDeSupport;;logistique_support_emballage;;;type_support (LS_type_de_support);;
/logistiqueIdentification/logistiqueSupportEmballage;logistiqueSupportEmballage;;;X;lSTypeEchangeDeSupportEmballage;;logistique_support_emballage;;;identifiant_unique_type_echange_support_emballage (LS_type_echange_de_support_emballage);;
/logistiqueIdentification/logistiqueSupportEmballage;logistiqueSupportEmballage;;;X;lSEntite;;logistique_support_emballage;;;proprietaire (LE_entite)(LS_entite);;
/logistiqueIdentification/logistiqueSupportEmballage;logistiqueSupportEmballage;;;;dateCreation;;logistique_support_emballage;;;date_creation;;
/logistiqueIdentification/logistiqueSupportEmballage;logistiqueSupportEmballage;;;;dateMaj;;logistique_support_emballage;;;date_maj;;
/logistiqueSpecificiteMarche;logistiqueSpecificiteMarche;;;;identifiantUniqueLogistiqueSpecificiteMarche;;logistique_specificite_marche;;;identifiant_unique_logistique_specificite_marche;;
/logistiqueSpecificiteMarche;logistiqueSpecificiteMarche;;;X;lSMTypeDeColisage;;logistique_specificite_marche;;;identifiant_unique_type_colisage (LSM_type_de_colisage);;
/logistiqueSpecificiteMarche;logistiqueSpecificiteMarche;;;;indicateurQuantiteLimitee;;logistique_specificite_marche;;;indicateur_quantite_limitee;;
/logistiqueSpecificiteMarche;logistiqueSpecificiteMarche;;;;ordinalite;;logistique_specificite_marche;;;ordinalite;;
/logistiqueSpecificiteMarche;logistiqueSpecificiteMarche;;;X;lSMEntite;;logistique_specificite_marche;;;proprietaire (LSM_entite);;
/logistiqueSpecificiteMarche;logistiqueSpecificiteMarche;;;;dateCreation;;logistique_specificite_marche;;;date_creation;;
/logistiqueSpecificiteMarche;logistiqueSpecificiteMarche;;;;dateMaj;;logistique_specificite_marche;;;date_maj;;
/logistiqueSpecificiteMarche;logistiqueSpecificiteMarche;;compositionUlTextile;;identifiantUniqueCompositionUlTextile;;logistique_specificite_marche;;composition_ul_textile;identifiant_unique_composition_ul_textile;;
/logistiqueSpecificiteMarche;logistiqueSpecificiteMarche;;compositionUlTextile;;identifiantUniqueTailleColoris;;logistique_specificite_marche;;composition_ul_textile;identifiant_unique_taille_coloris;;
/logistiqueSpecificiteMarche;logistiqueSpecificiteMarche;;compositionUlTextile;;identifiantUniqueLogistiqueIdentification;;logistique_specificite_marche;;composition_ul_textile;identifiant_unique_logistique_identification;;
/logistiqueSpecificiteMarche;logistiqueSpecificiteMarche;;compositionUlTextile;;compositionTailleCo;;logistique_specificite_marche;;composition_ul_textile;composition_taille_co;;
/logistiqueSpecificiteMarche;logistiqueSpecificiteMarche;;compositionUlTextile;;minimumCommandeTaille;;logistique_specificite_marche;;composition_ul_textile;minimum_commande_taille;;
/logistiqueSpecificiteMarche;logistiqueSpecificiteMarche;;compositionUlTextile;;multipleCommandeTaille;;logistique_specificite_marche;;composition_ul_textile;multiple_commande_taille;;
/logistiqueIdentification/logistiqueVariante;logistiqueVariante;;;;identifiantUniqueLogistiqueVariante;;logistique_variante;;;identifiant_unique_logistique_variante;;
/logistiqueIdentification/logistiqueVariante;logistiqueVariante;;;;largeur;;logistique_variante;;;largeur;;
/logistiqueIdentification/logistiqueVariante;logistiqueVariante;;;X;lVUniteMesureLargeur;;logistique_variante;;;unite_largeur (LV_unite_mesure_largeur);;
/logistiqueIdentification/logistiqueVariante;logistiqueVariante;;;;profondeur;;logistique_variante;;;profondeur;;
/logistiqueIdentification/logistiqueVariante;logistiqueVariante;;;X;lVUniteMesureProfondeur;;logistique_variante;;;unite_profondeur (LV_unite_mesure_profondeur);;
/logistiqueIdentification/logistiqueVariante;logistiqueVariante;;;;hauteur;;logistique_variante;;;hauteur;;
/logistiqueIdentification/logistiqueVariante;logistiqueVariante;;;X;lVUniteMesureHauteur;;logistique_variante;;;unite_hauteur (LV_unite_mesure_hauteur);;
/logistiqueIdentification/logistiqueVariante;logistiqueVariante;;;;poidsBrut;;logistique_variante;;;poids_brut;;
/logistiqueIdentification/logistiqueVariante;logistiqueVariante;;;X;lVUniteMesurePoidsBrut;;logistique_variante;;;unite_poids_brut (LV_unite_mesure_poids_brut);;
/logistiqueIdentification/logistiqueVariante;logistiqueVariante;;;X;lVUniteMesureVolume;;logistique_variante;;;unite_volume (LV_unite_mesure_volume);;
/logistiqueIdentification/logistiqueVariante;logistiqueVariante;;;;volume;;logistique_variante;;;volume;;
/logistiqueIdentification/logistiqueVariante;logistiqueVariante;;;X;lVEntite;;logistique_variante;;;proprietaire (LV_entite);;
/logistiqueIdentification/logistiqueVariante;logistiqueVariante;;;;dateCreation;;logistique_variante;;;date_creation;;
/logistiqueIdentification/logistiqueVariante;logistiqueVariante;;;;dateCreation;;logistique_variante;;;date_maj;;
/droitsEtTaxes;droitsEtTaxes;;;;identifiantUniqueDroitEtTaxe;;droit_et_taxe;;;identifiant_unique_droit_et_taxe;;
/droitsEtTaxes;droitsEtTaxes;;;X;dTDroitEtTaxe;;droit_et_taxe;;;identifiant_unique_droit_taxe (DT_droit_et_taxe);;
/droitsEtTaxes;droitsEtTaxes;;;X;dTDroitAccise;;droit_et_taxe;;;identifiant_unique_code_droit_accise (DT_droit_accise);;
/droitsEtTaxes;droitsEtTaxes;;;X;dTEntite;;droit_et_taxe;;;proprietaire (DT_entite);;
/droitsEtTaxes;droitsEtTaxes;;;;dateCreation;;droit_et_taxe;;;date_creation;;
/droitsEtTaxes;droitsEtTaxes;;;;dateMaj;;droit_et_taxe;;;date_maj;;
/droitsEtTaxes;droitsEtTaxes;;taxe;;identifiantUniqueTaxe;;droit_et_taxe;;taxe;identifiant_unique_taxe;;
/droitsEtTaxes;droitsEtTaxes;;taxe;;inclusDansPrix;;droit_et_taxe;;taxe;inclus_dans_prix;;
/droitsEtTaxes;droitsEtTaxes;;taxe;;inclusDansCaRistournable;;droit_et_taxe;;taxe;inclus_dans_ca_ristournable;;
/droitsEtTaxes;droitsEtTaxes;;taxe;;valeurTaxeEnMontant;;droit_et_taxe;;taxe;valeur_taxe_en_montant;;
/droitsEtTaxes;droitsEtTaxes;;taxe;X;dTDeviseTaxe;;droit_et_taxe;;taxe;devise_taxe (DT_devise_taxe);;
/droitsEtTaxes;droitsEtTaxes;;taxe;;valeurTaxeEnPourcentage;;droit_et_taxe;;taxe;valeur_taxe_en_pourcentage;;
/droitsEtTaxes;droitsEtTaxes;;taxe;X;dTCodeTvaAchatFournisseur;;droit_et_taxe;;taxe;identifiant_unique_code_tva_achat_fournisseur (DT_code_tva_achat_fournisseur);;
/droitsEtTaxes;droitsEtTaxes;;taxe;X;dTTauxTvaAchatFournisseur;;droit_et_taxe;;taxe;identifiant_unique_taux_tva_achat_fournisseur (DT_taux_tva_achat_fournisseur);;
/droitsEtTaxes;droitsEtTaxes;;taxe;;identifiantUniqueFournisseurTauxTvaAchatFournisseur;;droit_et_taxe;;taxe;identifiant_unique_fournisseur_taux_tva_achat_fournisseur;;
/droitsEtTaxes;droitsEtTaxes;;taxe;;dateApplicationTvaFournisseur;;droit_et_taxe;;taxe;date_application_tva_fournisseur;;
/droitsEtTaxes;droitsEtTaxes;;taxe;X;dTCodeTvaVenteMagasin;;droit_et_taxe;;taxe;identifiant_unique_code_tva_vente_magasin (DT_code_tva_vente_magasin);;
/droitsEtTaxes;droitsEtTaxes;;taxe;X;dTTauxTvaVenteMagasin;;droit_et_taxe;;taxe;identifiant_unique_taux_tva_vente_magasin (DT_taux_tva_vente_magasin);;
/droitsEtTaxes;droitsEtTaxes;;taxe;;dateApplicationTvaVenteMagasin;;droit_et_taxe;;taxe;date_application_tva_vente_magasin;;
/droitsEtTaxes;droitsEtTaxes;;taxe;X;dTCodeTvaVenteConsommateur;;droit_et_taxe;;taxe;identifiant_unique_code_tva_vente_consommateur (DT_code_tva_vente_consommateur);;
/droitsEtTaxes;droitsEtTaxes;;taxe;X;dTTauxTvaVenteConsommateur;;droit_et_taxe;;taxe;identifiant_unique_taux_tva_vente_consommateur (DT_taux_tva_vente_consommateur);;
/droitsEtTaxes;droitsEtTaxes;;taxe;;dateApplicationTvaVenteConsommateur;;droit_et_taxe;;taxe;date_application_tva_vente_consommateur;;
/qualiteEtReglementation;qualiteEtReglementation;;;;identifiantUniqueQualiteReglementation;;qualite_et_reglementation;;;identifiant_unique_qualite_reglementation;;
/qualiteEtReglementation;qualiteEtReglementation;;;;degreAlcool;;qualite_et_reglementation;;;degre_alcool;;
/qualiteEtReglementation;qualiteEtReglementation;;;;dureeVieAReceptionProduit;;qualite_et_reglementation;;;duree_vie_a_reception_produit;;
/qualiteEtReglementation;qualiteEtReglementation;;;;indicateurAerosol;;qualite_et_reglementation;;;indicateur_aerosol;;
/qualiteEtReglementation;qualiteEtReglementation;;;;pourcentageMatieresGrassesSurPoidsTotal;;qualite_et_reglementation;;;pourcentage_matieres_grasses_sur_poids_total;;
/qualiteEtReglementation;qualiteEtReglementation;;;;temperatureMinimumStockage;;qualite_et_reglementation;;;temperature_minimum_stockage;;
/qualiteEtReglementation;qualiteEtReglementation;;;;temperatureMaximumStockage;;qualite_et_reglementation;;;temperature_maximum_stockage;;
/qualiteEtReglementation;qualiteEtReglementation;;;X;qRUniteMesureTemperatureStockage;;qualite_et_reglementation;;;um_temperature_stockage (QR_unite_mesure_temperature_stockage);;
/qualiteEtReglementation;qualiteEtReglementation;;;;contactAlimentaire;;qualite_et_reglementation;;;contact_alimentaire;;
/qualiteEtReglementation;qualiteEtReglementation;;;;dispositifMedical;;qualite_et_reglementation;;;dispositif_medical;;
/qualiteEtReglementation;qualiteEtReglementation;;;;dureeDeVieTotaleDuProduit;;qualite_et_reglementation;;;duree_de_vie_totale_du_produit;;
/qualiteEtReglementation;qualiteEtReglementation;;;;indicateurProduitBio;;qualite_et_reglementation;;;indicateur_produit_bio;;
/qualiteEtReglementation;qualiteEtReglementation;;;;reglementationProduitBioValidee;;qualite_et_reglementation;;;reglementation_produit_bio_validee;;
/qualiteEtReglementation;qualiteEtReglementation;;;;dateValidationGtQsCertification;;qualite_et_reglementation;;;date_validation_gt_qs_certification;;
/qualiteEtReglementation;qualiteEtReglementation;;;;lienCertificat;;qualite_et_reglementation;;;lien_certificat;;
/qualiteEtReglementation;qualiteEtReglementation;;;;dateDebutCertificat;;qualite_et_reglementation;;;date_debut_certificat;;
/qualiteEtReglementation;qualiteEtReglementation;;;;dateFinCertificat;;qualite_et_reglementation;;;date_fin_certificat;;
/qualiteEtReglementation;qualiteEtReglementation;;;;produitBiocide;;qualite_et_reglementation;;;produit_biocide;;
/qualiteEtReglementation;qualiteEtReglementation;;;;biocideNumeroAmm;;qualite_et_reglementation;;;biocide_numero_amm;;
/qualiteEtReglementation;qualiteEtReglementation;;;X;qRTypeDeProduitBiocide;;qualite_et_reglementation;;;identifiant_unique_type_produit_biocide (QR_type_de_produit_biocide);;
/qualiteEtReglementation;qualiteEtReglementation;;;;reglementationBiocideValidee;;qualite_et_reglementation;;;reglementation_biocide_validee;;
/qualiteEtReglementation;qualiteEtReglementation;;;;dateValidationReglementationBiocide;;qualite_et_reglementation;;;date_validation_reglementation_biocide;;
/qualiteEtReglementation;qualiteEtReglementation;;;;indicateurPresenceNomResponsable;;qualite_et_reglementation;;;indicateur_presence_nom_responsable;;
/qualiteEtReglementation;qualiteEtReglementation;;;;indicateurPresenceAdresseResponsable;;qualite_et_reglementation;;;indicateur_presence_adresse_responsable;;
/qualiteEtReglementation;qualiteEtReglementation;;;;indicateurPresencePaysFabrication;;qualite_et_reglementation;;;indicateur_presence_pays_fabrication;;
/qualiteEtReglementation;qualiteEtReglementation;;;;indicateurPresenceContenuNominal;;qualite_et_reglementation;;;indicateur_presence_contenu_nominal;;
/qualiteEtReglementation;qualiteEtReglementation;;;;indicateurPresencePao;;qualite_et_reglementation;;;indicateur_presence_pao;;
/qualiteEtReglementation;qualiteEtReglementation;;;;indicateurPresenceDateLimiteUtilisation;;qualite_et_reglementation;;;indicateur_presence_date_limite_utilisation;;
/qualiteEtReglementation;qualiteEtReglementation;;;;indicateurPresenceListeIngredients;;qualite_et_reglementation;;;indicateur_presence_liste_ingredients;;
/qualiteEtReglementation;qualiteEtReglementation;;;;ingredient;;qualite_et_reglementation;;;ingredient;;
/qualiteEtReglementation;qualiteEtReglementation;;;;allergene;;qualite_et_reglementation;;;allergene;;
/qualiteEtReglementation;qualiteEtReglementation;;;;indicateurPresencePrecautionEmploi;;qualite_et_reglementation;;;indicateur_presence_precaution_emploi;;
/qualiteEtReglementation;qualiteEtReglementation;;;;indicateurPresenceNumeroLot;;qualite_et_reglementation;;;indicateur_presence_numero_lot;;
/qualiteEtReglementation;qualiteEtReglementation;;;;indicateurReglementationCosmetiqueValidee;;qualite_et_reglementation;;;indicateur_reglementation_cosmetique_validee;;
/qualiteEtReglementation;qualiteEtReglementation;;;;dateValidationReglementationCosmetique;;qualite_et_reglementation;;;date_validation_reglementation_cosmetique;;
/qualiteEtReglementation;qualiteEtReglementation;;;;fonctionProduit;;qualite_et_reglementation;;;fonction_produit;;
/qualiteEtReglementation;qualiteEtReglementation;;;;indicateurSoumisReglementationCosmetique;;qualite_et_reglementation;;;indicateur_soumis_reglementation_cosmetique;;
/qualiteEtReglementation;qualiteEtReglementation;;;;tauxSucreMinimum;;qualite_et_reglementation;;;taux_sucre_minimum;;
/qualiteEtReglementation;qualiteEtReglementation;;;;tauxSucreMaximum;;qualite_et_reglementation;;;taux_sucre_maximum;;
/qualiteEtReglementation;qualiteEtReglementation;;;;aciditeMinimum;;qualite_et_reglementation;;;acidite_minimum;;
/qualiteEtReglementation;qualiteEtReglementation;;;;aciditeMaximum;;qualite_et_reglementation;;;acidite_maximum;;
/qualiteEtReglementation;qualiteEtReglementation;;;;colorationMinimum;;qualite_et_reglementation;;;coloration_minimum;;
/qualiteEtReglementation;qualiteEtReglementation;;;;colorationMaximum;;qualite_et_reglementation;;;coloration_maximum;;
/qualiteEtReglementation;qualiteEtReglementation;;;;fermeteMinimum;;qualite_et_reglementation;;;fermete_minimum;;
/qualiteEtReglementation;qualiteEtReglementation;;;;fermeteMaximum;;qualite_et_reglementation;;;fermete_maximum;;
/qualiteEtReglementation;qualiteEtReglementation;;;;matiereSecheMinimum;;qualite_et_reglementation;;;matiere_seche_minimum;;
/qualiteEtReglementation;qualiteEtReglementation;;;;matiereSecheMaximum;;qualite_et_reglementation;;;matiere_seche_maximum;;
/qualiteEtReglementation;qualiteEtReglementation;;;;jutositeMinimum;;qualite_et_reglementation;;;jutosite_minimum;;
/qualiteEtReglementation;qualiteEtReglementation;;;;jutositeMaximum;;qualite_et_reglementation;;;jutosite_maximum;;
/qualiteEtReglementation;qualiteEtReglementation;;;;indicateurJouet;;qualite_et_reglementation;;;indicateur_jouet;;
/qualiteEtReglementation;qualiteEtReglementation;;;;indicateurMarquageCe;;qualite_et_reglementation;;;indicateur_marquage_ce;;
/qualiteEtReglementation;qualiteEtReglementation;;;;indicateurPhraseAvertissement;;qualite_et_reglementation;;;indicateur_phrase_avertissement;;
/qualiteEtReglementation;qualiteEtReglementation;;;;indicateurPictoAvertissement;;qualite_et_reglementation;;;indicateur_picto_avertissement;;
/qualiteEtReglementation;qualiteEtReglementation;;;;indicateurReglementationJouetValidee;;qualite_et_reglementation;;;indicateur_reglementation_jouet_validee;;
/qualiteEtReglementation;qualiteEtReglementation;;;;dateDeValidationReglementationJouet;;qualite_et_reglementation;;;date_de_validation_reglementation_jouet;;
/qualiteEtReglementation;qualiteEtReglementation;;;;indicateurPresenceAge;;qualite_et_reglementation;;;indicateur_presence_age;;
/qualiteEtReglementation;qualiteEtReglementation;;;;autresLimites;;qualite_et_reglementation;;;autres_limites;;
/qualiteEtReglementation;qualiteEtReglementation;;;;phraseSurveillanceAdulte;;qualite_et_reglementation;;;phrase_surveillance_adulte;;
/qualiteEtReglementation;qualiteEtReglementation;;;;autreAvertissement;;qualite_et_reglementation;;;autre_avertissement;;
/qualiteEtReglementation;qualiteEtReglementation;;;X;qREtatPreparation;;qualite_et_reglementation;;;identifiant_unique_etat_de_preparation (QR_etat_preparation);;
/qualiteEtReglementation;qualiteEtReglementation;;;;tailleDeReference;;qualite_et_reglementation;;;Taille de référence;;
/qualiteEtReglementation;qualiteEtReglementation;;;X;qRUniteMesureTailleReference;;qualite_et_reglementation;;;um_taille_reference (QR_unite_mesure_taille_reference);;
/qualiteEtReglementation;qualiteEtReglementation;;;;produitPhytopharmaceutique;;qualite_et_reglementation;;;produit_phytopharmaceutique;;
/qualiteEtReglementation;qualiteEtReglementation;;;;reglementationPhytoValidee;;qualite_et_reglementation;;;reglementation_phyto_validee;;
/qualiteEtReglementation;qualiteEtReglementation;;;;dateValidationRegPhyto;;qualite_et_reglementation;;;date_validation_reg_phyto;;
/qualiteEtReglementation;qualiteEtReglementation;;;;lienVersDocumentsPhyto;;qualite_et_reglementation;;;lien_vers_documents_phyto;;
/qualiteEtReglementation;qualiteEtReglementation;;;;phytoNumeroAmm;;qualite_et_reglementation;;;phyto_numero_amm;;
/qualiteEtReglementation;qualiteEtReglementation;;;;indicateurProduitBois;;qualite_et_reglementation;;;indicateur_produit_bois;;
/qualiteEtReglementation;qualiteEtReglementation;;;X;qRPaysUsineFabricationProduitFini;;qualite_et_reglementation;;;identifiant_unique_pays_usine_fabrication_produit_fini (QR_pays_usine_fabrication_produit_fini);;
/qualiteEtReglementation;qualiteEtReglementation;;;;nomUsineFabricationProduitFini;;qualite_et_reglementation;;;nom_usine_fabrication_produit_fini;;
/qualiteEtReglementation;qualiteEtReglementation;;;;numeroCertificatCocFscUsineFabricationProduitFini;;qualite_et_reglementation;;;numero_certificat_coc_fsc_usine_fabrication_produit_fini;;
/qualiteEtReglementation;qualiteEtReglementation;;;;natureBois;;qualite_et_reglementation;;;nature_bois;;
/qualiteEtReglementation;qualiteEtReglementation;;;;presenceMatiereRecyclee;;qualite_et_reglementation;;;presence_matiere_recyclee;;
/qualiteEtReglementation;qualiteEtReglementation;;;X;qRPaysUsineFabricationComosantBaseDeriveBois;;qualite_et_reglementation;;;identifiant_unique_pays_usine_fabrication_comosant_base_derive_bois (QR_pays_usine_fabrication_comosant_base_derive_bois);;
/qualiteEtReglementation;qualiteEtReglementation;;;;nomUsineFabricationComposantABaseDeriveBois;;qualite_et_reglementation;;;nom_usine_fabrication_composant_a_base_derive_bois;;
/qualiteEtReglementation;qualiteEtReglementation;;;;numeroCertificatCocFscUsineFabricationComposantABaseDeriveBois;;qualite_et_reglementation;;;numero_certificat_coc_fsc_usine_fabrication_composant_a_base_derive_bois;;
/qualiteEtReglementation;qualiteEtReglementation;;;X;qRPaysUsineEnsachage;;qualite_et_reglementation;;;identifiant_unique_pays_usine_ensachage (QR_pays_usine_ensachage);;
/qualiteEtReglementation;qualiteEtReglementation;;;;nomUsineEnsachage;;qualite_et_reglementation;;;nom_usine_ensachage;;
/qualiteEtReglementation;qualiteEtReglementation;;;;numeroCertificatCocFscUsineEnsachage;;qualite_et_reglementation;;;numero_certificat_coc_fsc_usine_ensachage;;
/qualiteEtReglementation;qualiteEtReglementation;;;X;qRPaysUsineCarbonisation;;qualite_et_reglementation;;;identifiant_unique_pays_usine_carbonisation (QR_pays_usine_carbonisation);;
/qualiteEtReglementation;qualiteEtReglementation;;;;nomUsineCarbonisation;;qualite_et_reglementation;;;nom_usine_carbonisation;;
/qualiteEtReglementation;qualiteEtReglementation;;;;numeroCertificatCocFscUsineCarbonisation;;qualite_et_reglementation;;;numero_certificat_coc_fsc_usine_carbonisation;;
/qualiteEtReglementation;qualiteEtReglementation;;;;identifiantUniqueCertificatProduit;;qualite_et_reglementation;;;identifiant_unique_certificat_produit;;
/qualiteEtReglementation;qualiteEtReglementation;;;;numeroCertificatCocFscDuFournisseur;;qualite_et_reglementation;;;numero_certificat_coc_fsc_du_fournisseur;;
/qualiteEtReglementation;qualiteEtReglementation;;;;essenceDeBois;;qualite_et_reglementation;;;essence_de_bois;;
/qualiteEtReglementation;qualiteEtReglementation;;;X;qRPaysOrigineBois;;qualite_et_reglementation;;;identifiant_unique_pays_origine_bois (QR_pays_origine_bois);;
/qualiteEtReglementation;qualiteEtReglementation;;;;numeroCertificatFscDuBois;;qualite_et_reglementation;;;numero_certificat_fsc_du_bois;;
/qualiteEtReglementation;qualiteEtReglementation;;;X;qREntite;;qualite_et_reglementation;;;proprietaire (QR_entite);;
/qualiteEtReglementation;qualiteEtReglementation;;;;dateCreation;;qualite_et_reglementation;;;date_creation;;
/qualiteEtReglementation;qualiteEtReglementation;;;;dateMaj;;qualite_et_reglementation;;;date_maj;;
/qualiteEtReglementation;qualiteEtReglementation;;dureeVie;;identifiantUniqueDureeVie;;qualite_et_reglementation;;duree_vie;identifiant_unique_duree_vie;;
/qualiteEtReglementation;qualiteEtReglementation;;dureeVie;;dureeVieAReceptionProduit;;qualite_et_reglementation;;duree_vie;duree_vie_a_reception_produit;;
/qualiteEtReglementation;qualiteEtReglementation;;dureeVie;;dureeDeVieTotaleDuProduit;;qualite_et_reglementation;;duree_vie;duree_de_vie_totale_du_produit;;
/qualiteEtReglementation;qualiteEtReglementation;;dureeVie;;identifiantUniqueFournisseur;;qualite_et_reglementation;;duree_vie;identifiant_unique_fournisseur ;;
/qualiteEtReglementation;qualiteEtReglementation;;mentionLegaleVente;;identifiantUniqueMentionLegaleDeVente;;qualite_et_reglementation;;mention_legale_vente;identifiant_unique_mention_legale_de_vente;;
/qualiteEtReglementation;qualiteEtReglementation;;mentionLegaleVente;X;qRMentionLegale;;qualite_et_reglementation;;mention_legale_vente;identifiant_unique_mention_legale_vente (QR_mention_legale);;
/qualiteEtReglementation;qualiteEtReglementation;;label;;identifiantUniqueLabel;;qualite_et_reglementation;;label;identifiant_unique_label;;
/qualiteEtReglementation;qualiteEtReglementation;;label;X;qRFamilleDeLabel;;qualite_et_reglementation;;label;identifiant_unique_famille_label (QR_famille_de_label);;
/qualiteEtReglementation;qualiteEtReglementation;;label;X;qRTypeDeLabel;;qualite_et_reglementation;;label;identifiant_unique_type_label (QR_type_de_label);;
/qualiteEtReglementation;qualiteEtReglementation;;nutriment;;identifiantUniqueNutriment;;qualite_et_reglementation;;nutriment;identifiant_unique_nutriment;;
/qualiteEtReglementation;qualiteEtReglementation;;nutriment;X;qRTypeDeNutriment;;qualite_et_reglementation;;nutriment;identifiant_unique_type_nutriment (QR_type_de_nutriment);;
/qualiteEtReglementation;qualiteEtReglementation;;nutriment;;quantiteNutriment;;qualite_et_reglementation;;nutriment;quantite_nutriment;;
/qualiteEtReglementation;qualiteEtReglementation;;nutriment;X;qRUniteMesureQuantiteNutriment;;qualite_et_reglementation;;nutriment;um_quantite_nutriment (QR_unite_mesure_quantite_nutriment);;
/qualiteEtReglementation;qualiteEtReglementation;;legislationPpe;;identifiantUniquePlante;;qualite_et_reglementation;;legislation_ppe;identifiant_unique_plante;;
/qualiteEtReglementation;qualiteEtReglementation;;legislationPpe;;nomScientifiquePlante;;qualite_et_reglementation;;legislation_ppe;nom_scientifique_plante;;
/qualiteEtReglementation;qualiteEtReglementation;;legislationPpe;;numeroPpeFournisseur;;qualite_et_reglementation;;legislation_ppe;numero_ppe_fournisseur;;
/securite;securite;;;;identifiantUniqueSecurite;;securite;;;identifiant_unique_securite;;
/securite;securite;;;;produitDangereux;;securite;;;produit_dangereux;;
/securite;securite;;;;valeurDuPointEclair;;securite;;;valeur_du_point_eclair;;
/securite;securite;;;X;sECUniteMesurePointEclair;;securite;;;unite_point_eclair (SEC_unite_mesure_point_eclair);;
/securite;securite;;;;pointEclairEnDegreFahreinheit;;securite;;;point_eclair_en_degre_fahreinheit;;
/securite;securite;;;X;sECPhaseProduit;;securite;;;identifiant_unique_phase_produit (SEC_phase_produit);;
/securite;securite;;;X;sECDangerEmballage;;securite;;;groupe_emballage (SEC_danger_emballage);;
/securite;securite;;;;numeroOnu;;securite;;;numero_onu;;
/securite;securite;;;;libelleNumeroOnu;;securite;;;libelle_numero_onu;;
/securite;securite;;;;ph;;securite;;;ph;;
/securite;securite;;;;pointEbullition;;securite;;;point_ebullition;;
/securite;securite;;;;ficheQfds;;securite;;;fiche_qfds;;
/securite;securite;;;;ficheFitpc;;securite;;;fiche_fitpc;;
/securite;securite;;;;flagDonneeSecuriteValidee;;securite;;;flag_donnee_securite_validee;;
/securite;securite;;;;dateValidationDonneeSecurite;;securite;;;date_validation_donnee_securite;;
/securite;securite;;;;urlFicheDeSecurite;;securite;;;url_fiche_de_securite;;
/securite;securite;;;X;sECNomenclatureIcpePrincipal;;securite;;;identifiant_unique_nomenclature_icpe_principal (SEC_nomenclature_icpe_principal);;
/securite;securite;;;X;sECNomenclatureIcpeCumulA;;securite;;;identifiant_unique_nomenclature_icpe_cumul_a (SEC_nomenclature_icpe_cumul_a);;
/securite;securite;;;X;sECNomenclatureIcpeCumulB;;securite;;;identifiant_unique_nomenclature_icpe_cumul_b (SEC_nomenclature_icpe_cumul_b);;
/securite;securite;;;X;sECNomenclatureIcpeCumulC;;securite;;;identifiant_unique_nomenclature_icpe_cumul_c (SEC_nomenclature_icpe_cumul_c);;
/securite;securite;;;X;sECMentionAvertissement;;securite;;;identifiant_unique_mention_avertissement (SEC_mention_avertissement);;
/securite;securite;;;;libelleSubstanceNomTechnique;;securite;;;libelle_substance_nom_technique;;
/securite;securite;;;;indicateurQuantiteLimitee;;securite;;;indicateur_quantite_limitee;;
/securite;securite;;;;marinePolluant;;securite;;;marine_polluant;;
/securite;securite;;;;quantiteMatiereDangereuse;;securite;;;quantite_matiere_dangereuse;;
/securite;securite;;;X;sECUniteMesureMatiereDangereuse;;securite;;;um_matiere_dangereuse (SEC_unite_mesure_matiere_dangereuse);;
/securite;securite;;;;emballageExterieur;;securite;;;emballage_exterieur;;
/securite;securite;;;;libelleEmballageExterieur;;securite;;;libelle_emballage_exterieur;;
/securite;securite;;;;typeInner;;securite;;;type_inner;;
/securite;securite;;;;libelleTypeInner;;securite;;;libelle_type_inner;;
/securite;securite;;;;urlMaquetteAPlat;;securite;;;url_maquette_a_plat;;
/securite;securite;;;X;sECEntite;;securite;;;proprietaire (SEC_entite);;
/securite;securite;;;;dateCreation;;securite;;;date_creation;;
/securite;securite;;;;dateMaj;;securite;;;date_maj;;
/securite;securite;;transport;;identifiantUniqueTransport;;securite;;transport;identifiant_unique_transport;;
/securite;securite;;transport;X;sECTypeClasseDanger;;securite;;transport;identifiant_unique_classes_danger_transport (SEC_type_classe_danger);;
/securite;securite;;mentionDanger;;identifiantUniqueMentionDanger;;securite;;mention_danger;identifiant_unique_mention_danger;;
/securite;securite;;mentionDanger;X;sECMentionDanger;;securite;;mention_danger;mention_danger (SEC_mention_danger);;
/securite;securite;;organismeReglementaire;;identifiantUniqueOrganismeReglementation;;securite;;organisme_reglementaire;identifiant_unique_organisme_reglementation;;
/securite;securite;;organismeReglementaire;X;sECOrganismeReglementaire;;securite;;organisme_reglementaire;identifiant_unique_organisme_reglementaaire (SEC_organisme_reglementaire);;
/securite;securite;;danger;;identifiantUniqueDanger;;securite;;danger;identifiant_unique_danger;;
/securite;securite;;danger;X;sECClasseDanger;;securite;;danger;identifiant_unique_classe_danger (SEC_classe_danger);;
/chainage;chainage;;;;identifiantUniqueChainage;;chainage;;;identifiant_unique_chainage;;
/chainage;chainage;;;X;cHAINETypeDeChainage;;chainage;;;type_chainage (CHAINE_type_de_chainage);;
/chainage;chainage;;;X;cHAINEStatutDeValidationChainage;;chainage;;;Statut de validation du Marché (CHAINE_statut_de_validation_chainage);;
/chainage;chainage;;;;identifiantUniqueUcSource;;chainage;;;identidfiant_unique_uc_source;;
/chainage;chainage;;;;identifiantUniqueUcCible;;chainage;;;identifiant_unique_uc_cible;;
/chainage;chainage;;;X;cHAINEEntiteSourceSaisie;;chainage;;;source de la saisie (CHAINE_entite_source_saisie);;
/chainage;chainage;;;;dateDebutValidite;;chainage;;;date_debut_validite;;
/chainage;chainage;;;;dateFinValidite;;chainage;;;date_fin_validite;;
/chainage;chainage;;;;priorite;;chainage;;;Priorite;;
/chainage;chainage;;;;coefficientRepartition;;chainage;;;coefficient_repartition;;
/chainage;chainage;;;;coefficientComparaison;;chainage;;;coefficient_comparaison;;
/chainage;chainage;;;X;cHAINEEntite;;chainage;;;proprietaire (CHAINE_entite);;
/chainage;chainage;;;;dateCreation;;chainage;;;date_creation;;
/chainage;chainage;;;;dateMaj;;chainage;;;date_maj;;
/article;article;;;;identifiantUniqueArticle;;article;;;identifiant_unique_article;;
/article;article;;;;identifiantUniqueFournisseurFiliere;;article;;;identifiant_unique_fournisseur_filiere;;
/article;article;;;;identifiantUniqueProduitLogistiqueIdentification;;article;;;identifiant_unique_produit_logistique_identification;;
/article;article;;;;identifiantUniqueProduitInfoAchatSpecificiteMarcheTailleCo;;article;;;identifiant_unique_produit_info_achat_specificite_marche_taille_co;;
/article;article;;;;identifiantUniqueInfoAchatProvenance;;article;;;identifiant_unique_info_achat_provenance;;
/article;article;;;;identifiantUniqueInfoVenteInformationMagasinVarianteMarketing;;article;;;identifiant_unique_info_vente_information_magasin_variante_marketing;;
/article;article;;;;identifiantUniqueInfoVenteSpecificiteMarcheFruitLegume;;article;;;identifiant_unique_info_vente_specificite_marche_fruit_legume;;
/article;article;;;;identifiantUniqueLogistiqueVariante;;article;;;identifiant_unique_logistique_variante;;
/article;article;;;X;aRTEntite;;article;;;proprietaire (ART_entite);;
/article;article;;;;dateCreation;;article;;;date_creation;;
/article;article;;;;dateMaj;;article;;;date_maj;;
/article;article;;travailleAvec;;identifiantUniqueTravailleAvec;;article;;travaille_avec;identifiant_unique_travaille_avec;;
/article;article;;travailleAvec;X;aRTEntiteSelection;;article;;travaille_avec;entite_selection (ART_entite_selection);;
/article;article;;travailleAvec;;flagTravailleAvec;;article;;travaille_avec;flag_travaille_avec;;
/article;article;;travailleAvec;;dateDebut;;article;;travaille_avec;date_debut;;
/article;article;;travailleAvec;;dateFin;;article;;travaille_avec;date_fin;;
/logistiqueIdentification/articleTypeBox;articleTypeBox;;;;identifiantUniqueArticleBox;;article_type_box;;;identifiant_unique_article_box;;
/logistiqueIdentification/articleTypeBox;articleTypeBox;;;;identifiantUniqueFournisseurFiliere;;article_type_box;;;identifiant_unique_fournisseur_filiere;;
/logistiqueIdentification/articleTypeBox;articleTypeBox;;;;identifiantUniqueProduitLogistiqueIdentificationUl1;;article_type_box;;;identifiant_unique_produit_logistique_identification_ul1;;
/logistiqueIdentification/articleTypeBox;articleTypeBox;;;;identifiantUniqueProduitLogistiqueIdentificationUl2;;article_type_box;;;identifiant_unique_produit_logistique_identification_ul2;;
/logistiqueIdentification/articleTypeBox;articleTypeBox;;;;identifiantUniqueProduitInfoAchatSpecificiteMarcheTailleCo;;article_type_box;;;identifiant_unique_produit_info_achat_specificite_marche_taille_co;;
/logistiqueIdentification/articleTypeBox;articleTypeBox;;;;identifiantUniqueInfoAchatProvenance;;article_type_box;;;identifiant_unique_info_achat_provenance;;
/logistiqueIdentification/articleTypeBox;articleTypeBox;;;;identifiantUniqueInfoVenteInformationMagasinVarianteMarketing;;article_type_box;;;identifiant_unique_info_vente_information_magasin_variante_marketing;;
/logistiqueIdentification/articleTypeBox;articleTypeBox;;;;identifiantUniqueInfoVenteSpecificiteMarcheFruitLegume;;article_type_box;;;identifiant_unique_info_vente_specificite_marche_fruit_legume;;
/logistiqueIdentification/articleTypeBox;articleTypeBox;;;;identifiantUniqueLogistiqueVariante;;article_type_box;;;identifiant_unique_logistique_variante;;
/logistiqueIdentification/articleTypeBox;articleTypeBox;;;X;aRTTBEntite;;article_type_box;;;proprietaire (ARTTB_entite);;
/logistiqueIdentification/articleTypeBox;articleTypeBox;;;;dateCreation;;article_type_box;;;date_creation;;
/logistiqueIdentification/articleTypeBox;articleTypeBox;;;;dateMaj;;article_type_box;;;date_maj;;
/logistiqueIdentification/articleTypeBox;articleTypeBox;;travailleAvec;;identifiantUniqueTravailleAvec;;article_type_box;;travaille_avec;identifiant_unique_travaille_avec;;
/logistiqueIdentification/articleTypeBox;articleTypeBox;;travailleAvec;X;aRTTBEntiteSelection;;article_type_box;;travaille_avec;entite_selection (ARTTB_entite_selection);;
/logistiqueIdentification/articleTypeBox;articleTypeBox;;travailleAvec;;flagTravailleAvec;;article_type_box;;travaille_avec;flag_travaille_avec;;
/logistiqueIdentification/articleTypeBox;articleTypeBox;;travailleAvec;;dateDebut;;article_type_box;;travaille_avec;date_debut;;
/logistiqueIdentification/articleTypeBox;articleTypeBox;;travailleAvec;;dateFin;;article_type_box;;travaille_avec;date_fin;;
